Action ID,Priority,Fix Owner,Fix Owner Confidence,Fix Owner Rationale,Work Type,DS Component,DS Source Path,Needs Component Triage,Issue Summary,WCAG SC,SC Title,WCAG 2.2 Level,Max Impact,Open Occurrences,Fixed Occurrences,Total Occurrences,Apps / Reports Affected,Affected Test Units,Recommended Remediation,Already Fixed in DS Version,CHANGELOG Evidence,Deque Rule ID,Findings Group ID,Issue IDs To Mark Fixed,Auditor Test Run URLs
DS-001,P1,Design System code,Medium — inferred from WCAG criterion + component role,"Role/state wiring (aria-expanded, aria-selected, aria-sort, required ARIA attrs) belongs to the DS component that renders the widget.",Partially fixed — finish remaining occurrences,ARIA composite widgets (Listbox / Combobox / Tabs / Grid),"core/components/organisms/listbox, core/components/organisms/combobox, core/components/molecules/tabs, core/components/organisms/grid",Yes — pin exact component before fixing,Required ARIA attributes must be provided,4.1.2,"Name, Role, Value",A,Critical,4,5,9,"Innovaccer - User Admin and Help Guide Mobile (Tablet) Web Audit, Innovaccer - User Admin and Help Guide Web Audit",Admin Overview,"Expose correct name, role, value and state: use native semantics first, otherwise set the right `role` plus `aria-label`/`aria-labelledby`, and keep `aria-expanded`, `aria-selected`, `aria-sort`, `aria-checked` and required ARIA attributes in sync with the visual state. Avoid nested interactive elements.",,,aria-required-attr,A11Y-012,"2339189, 2339190, 2339191, 2339192, 2339193, 2354492, 2354493, 2354494, 2354495",https://axeauditor.dequecloud.com/test-run/fb2d5e00-ae0a-11f0-8290-5faeec950510
DS-002,P1,Both — DS default/API change + app must supply the value,High — matched a verified DS capability or rule,"Button forwards aria-label (Button.tsx:151) so the name is app-supplied, but role/name must also be correct on DS-rendered internal buttons (close, clear, sort).",Partially fixed — finish remaining occurrences,Button,core/components/atoms/button,No,Button does not have a role / Button is missing both a role and a name / Buttons must have discernible text,4.1.2,"Name, Role, Value",A,Critical,4,2,7,"Innovaccer - Incare Web Audit MDS issues found, Innovaccer - User Admin and Help Guide Mobile (Tablet) Web Audit, Innovaccer - User Admin and Help Guide Web Audit",Admin Overview | Document | Header | How can we improve this article dialog,"Expose correct name, role, value and state: use native semantics first, otherwise set the right `role` plus `aria-label`/`aria-labelledby`, and keep `aria-expanded`, `aria-selected`, `aria-sort`, `aria-checked` and required ARIA attributes in sync with the visual state. Avoid nested interactive elements.",,,"button-missing-role, button-name, button-role-name-missing",A11Y-016,"2340839, 2345596, 2348723, 2354337, 2354339, 2354343, 2354604","https://axeauditor.dequecloud.com/test-run/aa8a8272-ae0d-11f0-a2d2-5f492969aa5d
https://axeauditor.dequecloud.com/test-run/fb2d5e00-ae0a-11f0-8290-5faeec950510"
DS-003,P1,Both — DS default/API change + app must supply the value,High — matched a verified DS capability or rule,"DS forwards aria-labelledby/-describedby, but several DS wrappers render the control without an associated <label>; app must pass a label and DS must guarantee the association.",Partially fixed — finish remaining occurrences,Input / Label,"core/components/atoms/input, core/components/atoms/label",Yes — pin exact component before fixing,Form elements must have labels,4.1.2,"Name, Role, Value",A,Critical,4,7,11,"Innovaccer - User Admin and Help Guide Mobile (Tablet) Web Audit, Innovaccer - User Admin and Help Guide Web Audit",Admin Overview | Level of Access - Date Access tab | Own User details page | Roles,"Expose correct name, role, value and state: use native semantics first, otherwise set the right `role` plus `aria-label`/`aria-labelledby`, and keep `aria-expanded`, `aria-selected`, `aria-sort`, `aria-checked` and required ARIA attributes in sync with the visual state. Avoid nested interactive elements.",,,label,A11Y-007,"2339194, 2339311, 2346100, 2346101, 2346102, 2346103, 2350036, 2350037, 2350038, 2350039, 2354496",https://axeauditor.dequecloud.com/test-run/fb2d5e00-ae0a-11f0-8290-5faeec950510
DS-004,P1,Design System code,High — matched a verified DS capability or rule,Keyboard operability of DS-rendered controls (useAccessibilityProps wires role/tabIndex/Enter+Space) is DS-owned.,Partially fixed — finish remaining occurrences,Interactive components (keyboard operability),,Yes — pin exact component before fixing,Function cannot be performed by keyboard alone,2.1.1,Keyboard,A,Critical,4,8,14,Innovaccer - User Admin and Help Guide Web Audit,Admin - Secondary Header | Admin Overview | Base Role | Help - DAP - Overview | Level of Access - Date Access tab | Level of Access - Permissions tab | Roles,"Make every interactive element operable by keyboard alone: use native `<button>`/`<a>`, or add `tabIndex={0}` plus Enter/Space handlers via the shared space-key utility; give scrollable regions a focusable container.",,,keyboard-inaccessible,A11Y-004,"2338868, 2340031, 2340179, 2340404, 2340838, 2341132, 2341338, 2341658, 2341909, 2345102, 2350437, 2350445, 2353883, 2355687",https://axeauditor.dequecloud.com/test-run/fb2d5e00-ae0a-11f0-8290-5faeec950510
DS-005,P1,Design System code,Medium — inferred from WCAG criterion + component role,"Role/state wiring (aria-expanded, aria-selected, aria-sort, required ARIA attrs) belongs to the DS component that renders the widget.",Fix required,Avatar,core/components/atoms/avatar,No,Required ARIA attributes must be provided,4.1.2,"Name, Role, Value",A,Critical,3,0,3,Innovaccer - DAP and Analytics Web Audit - Retest,Cohort Builder,"Expose correct name, role, value and state: use native semantics first, otherwise set the right `role` plus `aria-label`/`aria-labelledby`, and keep `aria-expanded`, `aria-selected`, `aria-sort`, `aria-checked` and required ARIA attributes in sync with the visual state. Avoid nested interactive elements.",,,aria-required-attr,A11Y-032,"2710766, 2710767, 2710768",https://axeauditor.dequecloud.com/test-run/878fe7e8-63d0-11f1-8176-0f09a18241fa
DS-006,P1,Design System code,Medium — inferred from WCAG criterion + component role,"Role/state wiring (aria-expanded, aria-selected, aria-sort, required ARIA attrs) belongs to the DS component that renders the widget.",Fix required,Dropdown / Combobox,"core/components/atoms/dropdown, core/components/organisms/combobox",Yes — pin exact component before fixing,Combobox is missing appropriate roles and/or attributes,4.1.2,"Name, Role, Value",A,Critical,3,0,4,"Innovaccer - User Admin and Help Guide Mobile (Tablet) Web Audit, Innovaccer - User Admin and Help Guide Web Audit",Admin Overview | Roles | Search Combobox | Search and fill out form,"Expose correct name, role, value and state: use native semantics first, otherwise set the right `role` plus `aria-label`/`aria-labelledby`, and keep `aria-expanded`, `aria-selected`, `aria-sort`, `aria-checked` and required ARIA attributes in sync with the visual state. Avoid nested interactive elements.",,,custom-combobox,A11Y-028,"2340029, 2342095, 2355207, 2355320",https://axeauditor.dequecloud.com/test-run/fb2d5e00-ae0a-11f0-8290-5faeec950510
DS-007,P1,Both — DS default/API change + app must supply the value,High — matched a verified DS capability or rule,"Icon/Avatar accept aria-label and set role=""img"" (Icon.tsx:144), so the app must label informative graphics; DS should additionally default unlabelled non-interactive icons to aria-hidden so decorative ones stop announcing their ligature text.",Partially fixed — finish remaining occurrences,Icon / Avatar (image alt),"core/components/atoms/icon, core/components/atoms/avatar",Yes — pin exact component before fixing,Text alternative for the informative image is missing / The decorative image is not hidden from screen readers / Images must have alternative text / Text alternative does not present same info as image,1.1.1,Non-text Content,A,Critical,3,1,42,"Innovaccer - User Admin and Help Guide Mobile (Tablet) Web Audit, Innovaccer - User Admin and Help Guide Web Audit",Admin Overview | Header | Help Center | Level of Access - Permissions tab,"Give informative images/icons a text alternative that conveys the same information (Icon `name` is not an alt text — pass `aria-label`); mark purely decorative graphics `aria-hidden=""true""` with an empty accessible name.",,,"alt-text-decorative-inappropriate, alt-text-different, alt-text-missing, image-alt",A11Y-002,"2339096, 2339097, 2339098, 2339099, 2339100, 2339101, 2339102, 2339103, 2339104, 2339105, 2339106, 2339107, 2339108, 2339109, 2339110, 2339111, 2339112, 2339113, 2340509, 2353890, 2354346, 2354583, 2354601, 2354673, 2354674, 2354675, 2354676, 2354677, 2354678, 2354679, 2354680, 2354681, 2354682, 2354683, 2354684, 2354685, 2354686, 2354687, 2354688, 2354689, 2354690, 2355406",https://axeauditor.dequecloud.com/test-run/fb2d5e00-ae0a-11f0-8290-5faeec950510
DS-008,P1,Design System code,High — matched a verified DS capability or rule,Keyboard operability of DS-rendered controls (useAccessibilityProps wires role/tabIndex/Enter+Space) is DS-owned.,Fix required,Calendar,core/components/organisms/calendar,No,Function cannot be performed by keyboard alone,2.1.1,Keyboard,A,Critical,2,0,2,"DS audit report, Innovaccer - Incare Web Audit MDS issues found",Calendar | Date Picker,"Make every interactive element operable by keyboard alone: use native `<button>`/`<a>`, or add `tabIndex={0}` plus Enter/Space handlers via the shared space-key utility; give scrollable regions a focusable container.",,,keyboard-inaccessible,A11Y-043,"2342217, 2350978","https://axeauditor.dequecloud.com/test-run/45b36198-b498-11f0-a843-6f41ab87c814
https://axeauditor.dequecloud.com/test-run/aa8a8272-ae0d-11f0-a2d2-5f492969aa5d"
DS-009,P1,Design System code,Medium — inferred from WCAG criterion + component role,"Role/state wiring (aria-expanded, aria-selected, aria-sort, required ARIA attrs) belongs to the DS component that renders the widget.",Partially fixed — finish remaining occurrences,Custom interactive elements (missing role),,Yes — pin exact component before fixing,The element's role is missing or incorrect,4.1.2,"Name, Role, Value",A,Critical,2,6,9,"Innovaccer - User Admin and Help Guide Mobile (Tablet) Web Audit, Innovaccer - User Admin and Help Guide Web Audit",Admin Overview | Base Role | Level of Access - Date Access tab | Level of Access - Permissions tab | Own User details page,"Expose correct name, role, value and state: use native semantics first, otherwise set the right `role` plus `aria-label`/`aria-labelledby`, and keep `aria-expanded`, `aria-selected`, `aria-sort`, `aria-checked` and required ARIA attributes in sync with the visual state. Avoid nested interactive elements.",,,aria-role-missing,A11Y-013,"2341138, 2349466, 2350444, 2353848, 2354582, 2354584, 2354603, 2355297, 2355633",https://axeauditor.dequecloud.com/test-run/fb2d5e00-ae0a-11f0-8290-5faeec950510
DS-010,P1,Both — DS default/API change + app must supply the value,High — matched a verified DS capability or rule,"Icon/Avatar accept aria-label and set role=""img"" (Icon.tsx:144), so the app must label informative graphics; DS should additionally default unlabelled non-interactive icons to aria-hidden so decorative ones stop announcing their ligature text.",Fix required,Icon,core/components/atoms/icon,No,Text alternative does not present same info as image / Images must have alternative text,1.1.1,Non-text Content,A,Critical,2,0,2,"DS audit report, Innovaccer - Incare Web Audit MDS issues found",Chronic Care Management | Create password,"Give informative images/icons a text alternative that conveys the same information (Icon `name` is not an alt text — pass `aria-label`); mark purely decorative graphics `aria-hidden=""true""` with an empty accessible name.",,,"alt-text-different, image-alt",A11Y-044,"2350077, 2353861","https://axeauditor.dequecloud.com/test-run/45b36198-b498-11f0-a843-6f41ab87c814
https://axeauditor.dequecloud.com/test-run/aa8a8272-ae0d-11f0-a2d2-5f492969aa5d"
DS-011,P1,Design System code,High — matched a verified DS capability or rule,Keyboard operability of DS-rendered controls (useAccessibilityProps wires role/tabIndex/Enter+Space) is DS-owned.,Partially fixed — finish remaining occurrences,Interactive atoms (keyboard handlers),,Yes — pin exact component before fixing,Action cannot be performed with a screen reader turned on,2.1.1,Keyboard,A,Critical,2,1,3,Innovaccer - User Admin and Help Guide Mobile (Tablet) Web Audit,Admin Overview | Header,"Make every interactive element operable by keyboard alone: use native `<button>`/`<a>`, or add `tabIndex={0}` plus Enter/Space handlers via the shared space-key utility; give scrollable regions a focusable container.",,,keyboard-not-touch-accessible,A11Y-033,"2354336, 2354351, 2355537",
DS-012,P1,Design System code,High — matched a verified DS capability or rule,Keyboard operability of DS-rendered controls (useAccessibilityProps wires role/tabIndex/Enter+Space) is DS-owned.,Fix required,Button,core/components/atoms/button,No,Function cannot be performed by keyboard alone,2.1.1,Keyboard,A,Critical,1,0,1,DS audit report,Date Range Picker,"Make every interactive element operable by keyboard alone: use native `<button>`/`<a>`, or add `tabIndex={0}` plus Enter/Space handlers via the shared space-key utility; give scrollable regions a focusable container.",,,keyboard-inaccessible,A11Y-056,2355007,https://axeauditor.dequecloud.com/test-run/45b36198-b498-11f0-a843-6f41ab87c814
DS-013,P1,App code (DS already exposes the required API),Medium — inferred from WCAG criterion + component role,DOM/reading order is determined by app composition.,Fix required,Card,core/components/atoms/card,No,Informative (static) content is not readable by a screen reader,1.3.2,Meaningful Sequence,A,Critical,1,0,1,Innovaccer - Incare Web Audit MDS issues found,Patient Consent,"Make DOM order match visual reading order; inject dynamically revealed content (menus, popovers, inline messages) immediately after its trigger and keep hidden content out of the reading order with `hidden`/`display:none` rather than visual offsets.",,,reading-order-content-skipped,A11Y-057,2408293,https://axeauditor.dequecloud.com/test-run/aa8a8272-ae0d-11f0-a2d2-5f492969aa5d
DS-014,P1,Design System code,High — matched a verified DS capability or rule,Keyboard operability of DS-rendered controls (useAccessibilityProps wires role/tabIndex/Enter+Space) is DS-owned.,Fix required,Heading,core/components/atoms/heading,No,Function cannot be performed by keyboard alone,2.1.1,Keyboard,A,Critical,1,0,1,DS audit report,Date Picker,"Make every interactive element operable by keyboard alone: use native `<button>`/`<a>`, or add `tabIndex={0}` plus Enter/Space handlers via the shared space-key utility; give scrollable regions a focusable container.",,,keyboard-inaccessible,A11Y-060,2350975,https://axeauditor.dequecloud.com/test-run/45b36198-b498-11f0-a843-6f41ab87c814
DS-015,P1,Design System code,Medium — inferred from WCAG criterion + component role,"Role/state wiring (aria-expanded, aria-selected, aria-sort, required ARIA attrs) belongs to the DS component that renders the widget.",Fix required,Listbox,core/components/organisms/listbox,No,Custom select does not have a role and/or state,4.1.2,"Name, Role, Value",A,Critical,1,0,1,DS audit report,Create User Form,"Expose correct name, role, value and state: use native semantics first, otherwise set the right `role` plus `aria-label`/`aria-labelledby`, and keep `aria-expanded`, `aria-selected`, `aria-sort`, `aria-checked` and required ARIA attributes in sync with the visual state. Avoid nested interactive elements.",,,select-missing-role-state,A11Y-064,2354809,https://axeauditor.dequecloud.com/test-run/45b36198-b498-11f0-a843-6f41ab87c814
DS-016,P1,Design System code,Medium — inferred from WCAG criterion + component role,"Role/state wiring (aria-expanded, aria-selected, aria-sort, required ARIA attrs) belongs to the DS component that renders the widget.",Fix required,Menu,core/components/organisms/menu,No,Elements must only use supported ARIA attributes,4.1.2,"Name, Role, Value",A,Critical,1,0,1,Innovaccer - Incare Web Audit MDS issues found,High Risk Maternity,"Expose correct name, role, value and state: use native semantics first, otherwise set the right `role` plus `aria-label`/`aria-labelledby`, and keep `aria-expanded`, `aria-selected`, `aria-sort`, `aria-checked` and required ARIA attributes in sync with the visual state. Avoid nested interactive elements.",,,aria-allowed-attr,A11Y-065,2355735,https://axeauditor.dequecloud.com/test-run/aa8a8272-ae0d-11f0-a2d2-5f492969aa5d
DS-017,P1,Design System code,Medium — inferred from WCAG criterion + component role,"Role/state wiring (aria-expanded, aria-selected, aria-sort, required ARIA attrs) belongs to the DS component that renders the widget.",Fix required,RichTextEditor,core/components/atoms/editable,No,Elements must only use supported ARIA attributes,4.1.2,"Name, Role, Value",A,Critical,1,0,1,Innovaccer - Incare Web Audit MDS issues found,Chronic Care Management,"Expose correct name, role, value and state: use native semantics first, otherwise set the right `role` plus `aria-label`/`aria-labelledby`, and keep `aria-expanded`, `aria-selected`, `aria-sort`, `aria-checked` and required ARIA attributes in sync with the visual state. Avoid nested interactive elements.",,,aria-allowed-attr,A11Y-069,2350060,https://axeauditor.dequecloud.com/test-run/aa8a8272-ae0d-11f0-a2d2-5f492969aa5d
DS-018,P1,Design System code,Medium — inferred from WCAG criterion + component role,"Role/state wiring (aria-expanded, aria-selected, aria-sort, required ARIA attrs) belongs to the DS component that renders the widget.",Fix required,RichTextEditor,core/components/atoms/editable,No,Tooltip content is not accessible to screen readers,4.1.2,"Name, Role, Value",A,Critical,1,0,1,Innovaccer - Incare Web Audit MDS issues found,New Task,"Expose correct name, role, value and state: use native semantics first, otherwise set the right `role` plus `aria-label`/`aria-labelledby`, and keep `aria-expanded`, `aria-selected`, `aria-sort`, `aria-checked` and required ARIA attributes in sync with the visual state. Avoid nested interactive elements.",,,custom-tooltip,A11Y-070,2412008,https://axeauditor.dequecloud.com/test-run/aa8a8272-ae0d-11f0-a2d2-5f492969aa5d
DS-019,P1,Design System code,High — matched a verified DS capability or rule,"RichTextEditor renders its own internal buttons (sort/close/clear/toolbar), so their role and accessible name are DS-owned.",Fix required,RichTextEditor,core/components/atoms/editable,No,Button does not have a name,4.1.2,"Name, Role, Value",A,Critical,1,0,1,Innovaccer - Incare Web Audit MDS issues found,New Task,"Expose correct name, role, value and state: use native semantics first, otherwise set the right `role` plus `aria-label`/`aria-labelledby`, and keep `aria-expanded`, `aria-selected`, `aria-sort`, `aria-checked` and required ARIA attributes in sync with the visual state. Avoid nested interactive elements.",,,button-name-inaccessible,A11Y-071,2412017,https://axeauditor.dequecloud.com/test-run/aa8a8272-ae0d-11f0-a2d2-5f492969aa5d
DS-020,P1,Design System code,Medium — inferred from WCAG criterion + component role,"Role/state wiring (aria-expanded, aria-selected, aria-sort, required ARIA attrs) belongs to the DS component that renders the widget.",Fix required,RichTextEditor,core/components/atoms/editable,No,Custom radio button does not have a role and/or state,4.1.2,"Name, Role, Value",A,Critical,1,0,1,Innovaccer - Incare Web Audit MDS issues found,New Task,"Expose correct name, role, value and state: use native semantics first, otherwise set the right `role` plus `aria-label`/`aria-labelledby`, and keep `aria-expanded`, `aria-selected`, `aria-sort`, `aria-checked` and required ARIA attributes in sync with the visual state. Avoid nested interactive elements.",,,radio-missing-role-state,A11Y-072,2412018,https://axeauditor.dequecloud.com/test-run/aa8a8272-ae0d-11f0-a2d2-5f492969aa5d
DS-021,P1,Design System code,High — matched a verified DS capability or rule,The visible focus indicator is rendered by DS component CSS.,Fix required,RichTextEditor,core/components/atoms/editable,No,Focus indicator is missing,2.4.7,Focus Visible,AA,Critical,1,0,1,Innovaccer - Incare Web Audit MDS issues found,Chronic Care Management,Provide a visible `:focus-visible` indicator on every focusable element — never `outline: none` without a token-based replacement ring.,,,focus-indicator-missing,A11Y-073,2350857,https://axeauditor.dequecloud.com/test-run/aa8a8272-ae0d-11f0-a2d2-5f492969aa5d
DS-022,P1,Design System code,Medium — inferred from WCAG criterion + component role,"Role/state wiring (aria-expanded, aria-selected, aria-sort, required ARIA attrs) belongs to the DS component that renders the widget.",Fix required,Select,core/components/organisms/select,No,Elements must only use supported ARIA attributes,4.1.2,"Name, Role, Value",A,Critical,1,0,1,Innovaccer - Incare Web Audit MDS issues found,My Case details page,"Expose correct name, role, value and state: use native semantics first, otherwise set the right `role` plus `aria-label`/`aria-labelledby`, and keep `aria-expanded`, `aria-selected`, `aria-sort`, `aria-checked` and required ARIA attributes in sync with the visual state. Avoid nested interactive elements.",,,aria-allowed-attr,A11Y-074,2352496,https://axeauditor.dequecloud.com/test-run/aa8a8272-ae0d-11f0-a2d2-5f492969aa5d
DS-023,P1,Design System code,High — matched a verified DS capability or rule,Keyboard operability of DS-rendered controls (useAccessibilityProps wires role/tabIndex/Enter+Space) is DS-owned.,Fix required,Text,core/components/atoms/text,No,Function cannot be performed by keyboard alone,2.1.1,Keyboard,A,Critical,1,0,1,Innovaccer - Incare Web Audit MDS issues found,Chronic Care Management,"Make every interactive element operable by keyboard alone: use native `<button>`/`<a>`, or add `tabIndex={0}` plus Enter/Space handlers via the shared space-key utility; give scrollable regions a focusable container.",,,keyboard-inaccessible,A11Y-078,2350757,https://axeauditor.dequecloud.com/test-run/aa8a8272-ae0d-11f0-a2d2-5f492969aa5d
DS-024,P1,Design System code,Medium — inferred from WCAG criterion + component role,"Role/state wiring (aria-expanded, aria-selected, aria-sort, required ARIA attrs) belongs to the DS component that renders the widget.",Partially fixed — finish remaining occurrences,Tooltip,core/components/molecules/tooltip,No,Tooltip content is not accessible to screen readers,4.1.2,"Name, Role, Value",A,Critical,1,1,2,Innovaccer - Incare Web Audit MDS issues found,Document | Encounters,"Expose correct name, role, value and state: use native semantics first, otherwise set the right `role` plus `aria-label`/`aria-labelledby`, and keep `aria-expanded`, `aria-selected`, `aria-sort`, `aria-checked` and required ARIA attributes in sync with the visual state. Avoid nested interactive elements.",,,custom-tooltip,A11Y-046,"2347815, 2348868",https://axeauditor.dequecloud.com/test-run/aa8a8272-ae0d-11f0-a2d2-5f492969aa5d
DS-025,P1,Design System code,High — matched a verified DS capability or rule,Keyboard operability of DS-rendered controls (useAccessibilityProps wires role/tabIndex/Enter+Space) is DS-owned.,Fix required,Tooltip,core/components/molecules/tooltip,No,Function cannot be performed by keyboard alone,2.1.1,Keyboard,A,Critical,1,0,1,Innovaccer - Incare Web Audit MDS issues found,Due - Week view,"Make every interactive element operable by keyboard alone: use native `<button>`/`<a>`, or add `tabIndex={0}` plus Enter/Space handlers via the shared space-key utility; give scrollable regions a focusable container.",,,keyboard-inaccessible,A11Y-079,2422867,https://axeauditor.dequecloud.com/test-run/aa8a8272-ae0d-11f0-a2d2-5f492969aa5d
DS-026,P2,Both — DS default/API change + app must supply the value,High — matched a verified DS capability or rule,"Button forwards aria-label (Button.tsx:151) so the name is app-supplied, but role/name must also be correct on DS-rendered internal buttons (close, clear, sort).",Fix required,Button / Link,"core/components/atoms/button, core/components/atoms/link",Yes — pin exact component before fixing,ARIA commands must have an accessible name,4.1.2,"Name, Role, Value",A,Serious,7,0,11,"Innovaccer - User Admin and Help Guide Mobile (Tablet) Web Audit, Innovaccer - User Admin and Help Guide Web Audit",Admin Overview | Help - DAP - Overview | Help Center | Level of Access - Date Access tab | Level of Access - Permissions tab | Own User details page | Roles,"Expose correct name, role, value and state: use native semantics first, otherwise set the right `role` plus `aria-label`/`aria-labelledby`, and keep `aria-expanded`, `aria-selected`, `aria-sort`, `aria-checked` and required ARIA attributes in sync with the visual state. Avoid nested interactive elements.",,,aria-command-name,A11Y-008,"2338687, 2339066, 2339188, 2339310, 2340435, 2340503, 2340905, 2346098, 2350035, 2354491, 2354643",https://axeauditor.dequecloud.com/test-run/fb2d5e00-ae0a-11f0-8290-5faeec950510
DS-027,P2,Design System code,Medium — inferred from WCAG criterion + component role,"Role/state wiring (aria-expanded, aria-selected, aria-sort, required ARIA attrs) belongs to the DS component that renders the widget.",Partially fixed — finish remaining occurrences,Disclosure controls (Accordion / Dropdown / Menu / Collapsible),"core/components/atoms/dropdown, core/components/organisms/menu, core/components/atoms/collapsible",Yes — pin exact component before fixing,Expand/collapse state of the element is missing or incorrect,4.1.2,"Name, Role, Value",A,Serious,7,3,10,"Innovaccer - User Admin and Help Guide Mobile (Tablet) Web Audit, Innovaccer - User Admin and Help Guide Web Audit",Admin - Secondary Header | Admin Overview | Base Role | Header | Level of Access - Date Access tab | Level of Access - Permissions tab,"Expose correct name, role, value and state: use native semantics first, otherwise set the right `role` plus `aria-label`/`aria-labelledby`, and keep `aria-expanded`, `aria-selected`, `aria-sort`, `aria-checked` and required ARIA attributes in sync with the visual state. Avoid nested interactive elements.",,,state-aria-expanded-missing-incorrect,A11Y-009,"2338939, 2345096, 2350495, 2353882, 2354342, 2354350, 2354581, 2354588, 2354597, 2355704",https://axeauditor.dequecloud.com/test-run/fb2d5e00-ae0a-11f0-8290-5faeec950510
DS-028,P2,Design System code,High — matched a verified DS capability or rule,Colour comes from DS tokens (text.module.css has no hard-coded hex); raise the token/component contrast in css/src.,Fix required,Text,core/components/atoms/text,No,Elements must meet minimum color contrast ratio thresholds / Text content lacks 4.5:1 contrast ratio,1.4.3,Contrast (Minimum),AA,Serious,7,0,7,Innovaccer - Incare Web Audit MDS issues found,Due - Week view | My Case details page | Patient Consent | Phone Number Section,Raise text contrast to at least 4.5:1 (3:1 for large text) using approved contrast-safe design tokens from `css/src/variables/index.css`; applies to placeholder and in-focus/hover link text too.,,,"color-contrast, contrast-text-4.5-1",A11Y-019,"2341079, 2341080, 2341081, 2342525, 2342526, 2352500, 2412971",https://axeauditor.dequecloud.com/test-run/aa8a8272-ae0d-11f0-a2d2-5f492969aa5d
DS-029,P2,Design System code,High — matched a verified DS capability or rule,Design tokens are defined in css/src/tokens and css/src/variables — fixable only in the DS.,Partially fixed — finish remaining occurrences,Design tokens — colour palette,"css/src/tokens/index.css, css/src/variables/index.css",No,Text content lacks 4.5:1 contrast ratio / Elements must meet minimum color contrast ratio thresholds / Text over an image lacks 4.5:1 contrast ratio,1.4.3,Contrast (Minimum),AA,Serious,6,1,64,"Innovaccer - User Admin and Help Guide Mobile (Tablet) Web Audit, Innovaccer - User Admin and Help Guide Web Audit",Admin Overview | Footer | Help - DAP - Overview | Help Center | Own User details page | Search Combobox | Search and fill out form,Raise text contrast to at least 4.5:1 (3:1 for large text) using approved contrast-safe design tokens from `css/src/variables/index.css`; applies to placeholder and in-focus/hover link text too.,,,"color-contrast, contrast-text-4.5-1, contrast-text-4.5-1-over-image",A11Y-001,"2339067, 2339068, 2339069, 2339070, 2339071, 2339072, 2339073, 2339074, 2339075, 2339076, 2339077, 2339078, 2339079, 2339080, 2339081, 2339082, 2339083, 2339084, 2339085, 2339086, 2339087, 2339088, 2339089, 2339090, 2339091, 2340504, 2340917, 2342012, 2346099, 2353689, 2353690, 2354053, 2354054, 2354585, 2354644, 2354645, 2354646, 2354647, 2354648, 2354649, 2354650, 2354651, 2354652, 2354653, 2354654, 2354655, 2354656, 2354657, 2354658, 2354659, 2354660, 2354661, 2354662, 2354663, 2354664, 2354665, 2354666, 2354667, 2354668, 2355103, 2355206, 2355210, 2355313, 2355407",https://axeauditor.dequecloud.com/test-run/fb2d5e00-ae0a-11f0-8290-5faeec950510
DS-030,P2,Design System code,High — matched a verified DS capability or rule,Colour comes from DS tokens (text.module.css has no hard-coded hex); raise the token/component contrast in css/src.,Partially fixed — finish remaining occurrences,Link,core/components/atoms/link,No,Text content lacks 4.5:1 contrast ratio / Control text lacks 4.5:1 contrast ratio on hover or focus,1.4.3,Contrast (Minimum),AA,Serious,5,3,10,"Innovaccer - Incare Web Audit MDS issues found, Innovaccer - User Admin and Help Guide Web Audit",Admin - Secondary Header | Admin Overview | Footer | Help - DAP - Overview | Patients,Raise text contrast to at least 4.5:1 (3:1 for large text) using approved contrast-safe design tokens from `css/src/variables/index.css`; applies to placeholder and in-focus/hover link text too.,,,"contrast-link-infocus-4.5-1, contrast-text-4.5-1",A11Y-010,"2340916, 2341911, 2342010, 2342011, 2342014, 2342522, 2353648, 2353884, 2353902, 2354321","https://axeauditor.dequecloud.com/test-run/aa8a8272-ae0d-11f0-a2d2-5f492969aa5d
https://axeauditor.dequecloud.com/test-run/fb2d5e00-ae0a-11f0-8290-5faeec950510"
DS-031,P2,Design System code,High — matched a verified DS capability or rule,The live region must be rendered by the DS component; an app cannot add one to markup it does not own.,Partially fixed — finish remaining occurrences,Live-region components (Toast / Message / Spinner / Grid),"core/components/atoms/toast, core/components/atoms/message, core/components/atoms/spinner, core/components/organisms/grid",Yes — pin exact component before fixing,Status message not automatically announced,4.1.3,Status Messages,AA,Serious,5,3,10,"Innovaccer - User Admin and Help Guide Mobile (Tablet) Web Audit, Innovaccer - User Admin and Help Guide Web Audit",Base Role | Level of Access - Date Access tab | Level of Access - Permissions tab | Own User details page | Roles | Search Combobox | Search and fill out form,"Announce dynamic status changes (loading, saved, validation, result counts) through a live region — `role=""status""` / `aria-live=""polite""` — without moving focus.",,,status-msg-not-auto-announced,A11Y-011,"2339293, 2340921, 2345593, 2349462, 2349647, 2350496, 2355208, 2355209, 2355291, 2355292",https://axeauditor.dequecloud.com/test-run/fb2d5e00-ae0a-11f0-8290-5faeec950510
DS-032,P2,Design System code,High — matched a verified DS capability or rule,The <ul>/<li> markup is emitted by DS Navigation/Menu components.,Partially fixed — finish remaining occurrences,Navigation (list markup),core/components/organisms/navigation,Yes — pin exact component before fixing,"<ul> and <ol> must only directly contain <li>, <script> or <template> elements / <li> elements must be contained in a <ul> or <ol> / Visual list is not marked up as list",1.3.1,Info and Relationships,A,Serious,5,7,13,"Innovaccer - DAP and Analytics Web Audit - Retest, Innovaccer - User Admin and Help Guide Mobile (Tablet) Web Audit, Innovaccer - User Admin and Help Guide Web Audit",Admin - Secondary Header | Admin Overview | Base Role | Header | Level of Access - Date Access tab | Level of Access - Permissions tab,"Convey structure semantically: real `<ul>/<ol>` with only `<li>` children, `<table>` with `<th scope>` header cells, heading levels in sequential order, and programmatically associated group labels (`<fieldset>/<legend>` or `role=""group""` + `aria-labelledby`).",,,"list, listitem, semantic-list",A11Y-006,"2353786, 2353787, 2353788, 2353789, 2353790, 2353791, 2353792, 2353878, 2353900, 2354586, 2355307, 2355325, 2711518","https://axeauditor.dequecloud.com/test-run/878fe7e8-63d0-11f1-8176-0f09a18241fa
https://axeauditor.dequecloud.com/test-run/fb2d5e00-ae0a-11f0-8290-5faeec950510"
DS-033,P2,Design System code,High — matched a verified DS capability or rule,Design tokens are defined in css/src/tokens and css/src/variables — fixable only in the DS.,Partially fixed — finish remaining occurrences,Design tokens — colour palette,"css/src/tokens/index.css, css/src/variables/index.css",No,State of active component lacks 3 to 1 contrast ratio / Active user interface component lacks 3 to 1 contrast ratio / An icon lacks 3 to 1 contrast ratio,1.4.11,Non-text Contrast,AA,Serious,4,3,14,"Innovaccer - User Admin and Help Guide Mobile (Tablet) Web Audit, Innovaccer - User Admin and Help Guide Web Audit",Admin Overview | Footer | How can we improve this article dialog | Level of Access - Date Access tab | Roles | Search Combobox | Search and fill out form,"Ensure non-text contrast ≥ 3:1 against adjacent colours for focus indicators, active/selected UI-component boundaries, and meaningful icons; use the focus-ring and border tokens rather than hard-coded colours.",,,"contrast-graphical-objects-icon-3-1, contrast-uic-active-3-1, contrast-uic-active-3-1-state",A11Y-005,"2340073, 2340920, 2341664, 2347951, 2347957, 2347963, 2353649, 2353984, 2354419, 2354596, 2355102, 2355212, 2355215, 2355329",https://axeauditor.dequecloud.com/test-run/fb2d5e00-ae0a-11f0-8290-5faeec950510
DS-034,P2,Design System code,High — matched a verified DS capability or rule,Colour comes from DS tokens (text.module.css has no hard-coded hex); raise the token/component contrast in css/src.,Partially fixed — finish remaining occurrences,Input,core/components/atoms/input,No,Placeholder text lacks 4.5:1 contrast ratio,1.4.3,Contrast (Minimum),AA,Serious,4,1,7,"Innovaccer - Incare Web Audit MDS issues found, Innovaccer - User Admin and Help Guide Mobile (Tablet) Web Audit, Innovaccer - User Admin and Help Guide Web Audit",Assessments | Patient Consent | Search Combobox | Search and fill out form,Raise text contrast to at least 4.5:1 (3:1 for large text) using approved contrast-safe design tokens from `css/src/variables/index.css`; applies to placeholder and in-focus/hover link text too.,,,contrast-text-4.5-1-placeholder,A11Y-017,"2342544, 2345488, 2354418, 2355205, 2355211, 2355309, 2371018","https://axeauditor.dequecloud.com/test-run/9e878f64-b8a4-11f0-b13a-430b8706e058
https://axeauditor.dequecloud.com/test-run/aa8a8272-ae0d-11f0-a2d2-5f492969aa5d
https://axeauditor.dequecloud.com/test-run/fb2d5e00-ae0a-11f0-8290-5faeec950510"
DS-035,P2,Design System code,High — matched a verified DS capability or rule,The nested interactive elements are rendered by the DS component itself.,Fix required,Avatar,core/components/atoms/avatar,No,Interactive controls must not be nested,4.1.2,"Name, Role, Value",A,Serious,3,0,3,Innovaccer - DAP and Analytics Web Audit - Retest,Cohort Builder,"Expose correct name, role, value and state: use native semantics first, otherwise set the right `role` plus `aria-label`/`aria-labelledby`, and keep `aria-expanded`, `aria-selected`, `aria-sort`, `aria-checked` and required ARIA attributes in sync with the visual state. Avoid nested interactive elements.",,,nested-interactive,A11Y-035,"2710774, 2710775, 2710776",https://axeauditor.dequecloud.com/test-run/878fe7e8-63d0-11f1-8176-0f09a18241fa
DS-036,P2,App code (DS already exposes the required API),High — matched a verified DS capability or rule,Heading levels and which text is a heading are decided by app page structure; DS only renders the element it is told to.,Fix required,Heading,core/components/atoms/heading,No,Visual heading text is not marked as heading,1.3.1,Info and Relationships,A,Serious,3,0,3,"Innovaccer - User Admin and Help Guide Mobile (Tablet) Web Audit, Innovaccer - User Admin and Help Guide Web Audit",Admin Overview | Help - DAP - Overview,"Convey structure semantically: real `<ul>/<ol>` with only `<li>` children, `<table>` with `<th scope>` header cells, heading levels in sequential order, and programmatically associated group labels (`<fieldset>/<legend>` or `role=""group""` + `aria-labelledby`).",,,semantic-heading,A11Y-036,"2340845, 2341162, 2354578",https://axeauditor.dequecloud.com/test-run/fb2d5e00-ae0a-11f0-8290-5faeec950510
DS-037,P2,App code (DS already exposes the required API),High — matched a verified DS capability or rule,Label *text* is supplied by the app. DS forwards aria-label/-labelledby already; only the app knows which control is which.,Partially fixed — finish remaining occurrences,Icon,core/components/atoms/icon,No,Programmatic label does not convey purpose of control,2.4.6,Headings and Labels,AA,Serious,3,1,4,"DS audit report, Innovaccer - Incare Web Audit MDS issues found",Basic Form | Date Picker | My Case details page | Time Period Form,"Give each control a unique, descriptive programmatic label that starts with its visible text; disambiguate repeated controls (e.g. multiple ""Edit"" buttons) with row/section context, and use meaningful `title`/heading text.",4.26.0,Icon: announce aria-label instead of icon name (role=img),label-programmatic-not-descriptive,A11Y-029,"2350899, 2352169, 2356803, 2356985","https://axeauditor.dequecloud.com/test-run/45b36198-b498-11f0-a843-6f41ab87c814
https://axeauditor.dequecloud.com/test-run/aa8a8272-ae0d-11f0-a2d2-5f492969aa5d"
DS-038,P2,Design System code,High — matched a verified DS capability or rule,Focus trap and restore live in Modal.tsx:178-224.,Partially fixed — finish remaining occurrences,Modal / Sidesheet,"core/components/molecules/modal, core/components/molecules/sidesheet",Yes — pin exact component before fixing,"Keyboard focus is not placed on opened modal / Keyboard focus is not maintained in modal / Modal is closed, focus is not returned to trigger",2.4.3,Focus Order,A,Serious,3,3,7,Innovaccer - User Admin and Help Guide Web Audit,Admin - Secondary Header | How can we improve this article dialog | Own User details page,"Keep focus order logical and trap focus inside modals/overlays: move focus to the dialog on open, cycle within it, restore focus to the trigger on close, and never focus visually hidden items.",,,"focus-modal-moves-outside, focus-modal-none, focus-modal-not-returned",A11Y-018,"2353887, 2353888, 2353889, 2354409, 2355686, 2355689, 2355690",https://axeauditor.dequecloud.com/test-run/fb2d5e00-ae0a-11f0-8290-5faeec950510
DS-039,P3,App code (DS already exposes the required API),High — matched a verified DS capability or rule,Label *text* is supplied by the app. DS forwards aria-label/-labelledby already; only the app knows which control is which.,Partially fixed — finish remaining occurrences,Button,core/components/atoms/button,No,Controls have same name but different actions,2.4.6,Headings and Labels,AA,Serious,2,5,9,"Innovaccer - User Admin and Help Guide Mobile (Tablet) Web Audit, Innovaccer - User Admin and Help Guide Web Audit",Admin Overview | Base Role | Level of Access - Date Access tab | Level of Access - Permissions tab | Roles,"Give each control a unique, descriptive programmatic label that starts with its visible text; disambiguate repeated controls (e.g. multiple ""Edit"" buttons) with row/section context, and use meaningful `title`/heading text.",,,buttons-confusing,A11Y-014,"2338934, 2340183, 2345689, 2345934, 2350446, 2354589, 2354590, 2354595, 2355419",https://axeauditor.dequecloud.com/test-run/fb2d5e00-ae0a-11f0-8290-5faeec950510
DS-040,P3,Design System code,High — matched a verified DS capability or rule,Focus ring and component borders are DS-owned tokens.,Fix required,Button,core/components/atoms/button,No,Focus indicator lacks 3 to 1 contrast ratio,1.4.11,Non-text Contrast,AA,Serious,2,0,2,Innovaccer - Incare Web Audit MDS issues found,Community Resources | Patient Consent,"Ensure non-text contrast ≥ 3:1 against adjacent colours for focus indicators, active/selected UI-component boundaries, and meaningful icons; use the focus-ring and border tokens rather than hard-coded colours.",,,contrast-focus-indicator,A11Y-047,"2342557, 2347771",https://axeauditor.dequecloud.com/test-run/aa8a8272-ae0d-11f0-a2d2-5f492969aa5d
DS-041,P3,App code (DS already exposes the required API),High — matched a verified DS capability or rule,Heading levels and which text is a heading are decided by app page structure; DS only renders the element it is told to.,Fix required,Heading,core/components/atoms/heading,No,Heading levels are out of order,1.3.1,Info and Relationships,A,Serious,2,0,3,Innovaccer - User Admin and Help Guide Web Audit,Help - DAP - Overview | Help Center,"Convey structure semantically: real `<ul>/<ol>` with only `<li>` children, `<table>` with `<th scope>` header cells, heading levels in sequential order, and programmatically associated group labels (`<fieldset>/<legend>` or `role=""group""` + `aria-labelledby`).",,,heading-level-order,A11Y-037,"2354257, 2354402, 2355333",https://axeauditor.dequecloud.com/test-run/fb2d5e00-ae0a-11f0-8290-5faeec950510
DS-042,P3,App code (DS already exposes the required API),High — matched a verified DS capability or rule,The visible label text is app-supplied; DS already forwards the name.,Fix required,Icon,core/components/atoms/icon,No,Accessible name does not contain visible label,2.5.3,Label in Name,A,Serious,2,0,2,DS audit report,Date Picker | Time Period Form,"Ensure the accessible name contains the visible label text, in the same order, so speech-input users can target the control by name.",,,speech-accessible-name-mismatch,A11Y-049,"2350901, 2356802",https://axeauditor.dequecloud.com/test-run/45b36198-b498-11f0-a843-6f41ab87c814
DS-043,P3,Design System code,High — matched a verified DS capability or rule,Focus ring and component borders are DS-owned tokens.,Fix required,Icon,core/components/atoms/icon,No,An icon lacks 3 to 1 contrast ratio / Active user interface component lacks 3 to 1 contrast ratio,1.4.11,Non-text Contrast,AA,Serious,2,0,2,Innovaccer - Incare Web Audit MDS issues found,Clinical Data | Edit contact details and preferences' dialog,"Ensure non-text contrast ≥ 3:1 against adjacent colours for focus indicators, active/selected UI-component boundaries, and meaningful icons; use the focus-ring and border tokens rather than hard-coded colours.",,,"contrast-graphical-objects-icon-3-1, contrast-uic-active-3-1",A11Y-050,"2345771, 2352215",https://axeauditor.dequecloud.com/test-run/aa8a8272-ae0d-11f0-a2d2-5f492969aa5d
DS-044,P3,Both — DS default/API change + app must supply the value,High — matched a verified DS capability or rule,"DS forwards aria-labelledby/-describedby, but several DS wrappers render the control without an associated <label>; app must pass a label and DS must guarantee the association.",Fix required,Input,core/components/atoms/input,No,Label is not persistent / Visible label missing,3.3.2,Labels or Instructions,A,Serious,2,0,5,"Innovaccer - User Admin and Help Guide Mobile (Tablet) Web Audit, Innovaccer - User Admin and Help Guide Web Audit",How can we improve this article dialog | Own User details page | Search Combobox | Search and fill out form,Provide a persistent visible `<label>` associated with every input — placeholder text is not a label; add labels to native and custom selects.,4.24.0,Input: forward aria-labelledby and honour consumer tabIndex,"label-is-placeholder, label-not-present",A11Y-021,"2347996, 2353869, 2354192, 2355213, 2355332",https://axeauditor.dequecloud.com/test-run/fb2d5e00-ae0a-11f0-8290-5faeec950510
DS-045,P3,Design System code,High — matched a verified DS capability or rule,Focus ring and component borders are DS-owned tokens.,Fix required,Input,core/components/atoms/input,No,Active user interface component lacks 3 to 1 contrast ratio,1.4.11,Non-text Contrast,AA,Serious,2,0,2,Innovaccer - Incare Web Audit MDS issues found,Assessments | Patient Consent,"Ensure non-text contrast ≥ 3:1 against adjacent colours for focus indicators, active/selected UI-component boundaries, and meaningful icons; use the focus-ring and border tokens rather than hard-coded colours.",,,contrast-uic-active-3-1,A11Y-051,"2342547, 2371019","https://axeauditor.dequecloud.com/test-run/9e878f64-b8a4-11f0-b13a-430b8706e058
https://axeauditor.dequecloud.com/test-run/aa8a8272-ae0d-11f0-a2d2-5f492969aa5d"
DS-046,P3,App code (DS already exposes the required API),High — matched a verified DS capability or rule,Label *text* is supplied by the app. DS forwards aria-label/-labelledby already; only the app knows which control is which.,Fix required,InputWrapper,core/components/atoms/input,No,Programmatic label does not convey purpose of control,2.4.6,Headings and Labels,AA,Serious,2,0,2,DS audit report,Create User Form | Date Range Picker,"Give each control a unique, descriptive programmatic label that starts with its visible text; disambiguate repeated controls (e.g. multiple ""Edit"" buttons) with row/section context, and use meaningful `title`/heading text.",,,label-programmatic-not-descriptive,A11Y-052,"2354325, 2355000",https://axeauditor.dequecloud.com/test-run/45b36198-b498-11f0-a843-6f41ab87c814
DS-047,P3,App code (DS already exposes the required API),High — matched a verified DS capability or rule,The visible label text is app-supplied; DS already forwards the name.,Fix required,InputWrapper,core/components/atoms/input,No,Accessible name does not contain visible label,2.5.3,Label in Name,A,Serious,2,0,2,DS audit report,Create User Form | Date Range Picker,"Ensure the accessible name contains the visible label text, in the same order, so speech-input users can target the control by name.",,,speech-accessible-name-mismatch,A11Y-053,"2354327, 2355001",https://axeauditor.dequecloud.com/test-run/45b36198-b498-11f0-a843-6f41ab87c814
DS-048,P3,App code (DS already exposes the required API),High — matched a verified DS capability or rule,Label *text* is supplied by the app. DS forwards aria-label/-labelledby already; only the app knows which control is which.,Partially fixed — finish remaining occurrences,Labelled controls (Input / Button / Select),"core/components/atoms/input, core/components/atoms/button, core/components/organisms/select",Yes — pin exact component before fixing,Programmatic label does not convey purpose of control,2.4.6,Headings and Labels,AA,Serious,2,1,4,"Innovaccer - User Admin and Help Guide Mobile (Tablet) Web Audit, Innovaccer - User Admin and Help Guide Web Audit",Admin Overview | Footer | How can we improve this article dialog,"Give each control a unique, descriptive programmatic label that starts with its visible text; disambiguate repeated controls (e.g. multiple ""Edit"" buttons) with row/section context, and use meaningful `title`/heading text.",,,label-programmatic-not-descriptive,A11Y-030,"2347965, 2353650, 2354580, 2355669",https://axeauditor.dequecloud.com/test-run/fb2d5e00-ae0a-11f0-8290-5faeec950510
DS-049,P3,Design System code,Medium — inferred from WCAG criterion + component role,"Role/state wiring (aria-expanded, aria-selected, aria-sort, required ARIA attrs) belongs to the DS component that renders the widget.",Partially fixed — finish remaining occurrences,Selection controls (Tabs / VerticalNav / Listbox / Chip),"core/components/molecules/tabs, core/components/organisms/verticalNav, core/components/organisms/listbox, core/components/atoms/chip",Yes — pin exact component before fixing,Selected state of the element is missing or incorrect,4.1.2,"Name, Role, Value",A,Serious,2,2,6,"Innovaccer - User Admin and Help Guide Mobile (Tablet) Web Audit, Innovaccer - User Admin and Help Guide Web Audit",Admin - Secondary Header | Help - DAP - Overview | Level of Access - Date Access tab,"Expose correct name, role, value and state: use native semantics first, otherwise set the right `role` plus `aria-label`/`aria-labelledby`, and keep `aria-expanded`, `aria-selected`, `aria-sort`, `aria-checked` and required ARIA attributes in sync with the visual state. Avoid nested interactive elements.",,,state-selected-missing-incorrect,A11Y-020,"2340841, 2341391, 2350438, 2353879, 2355397, 2355420",https://axeauditor.dequecloud.com/test-run/fb2d5e00-ae0a-11f0-8290-5faeec950510
DS-050,P3,Both — DS default/API change + app must supply the value,High — matched a verified DS capability or rule,"DS forwards aria-labelledby/-describedby, but several DS wrappers render the control without an associated <label>; app must pass a label and DS must guarantee the association.",Fix required,Select,core/components/organisms/select,No,Select or dropdown control missing a visible label,3.3.2,Labels or Instructions,A,Moderate,2,0,2,"Innovaccer - User Admin and Help Guide Mobile (Tablet) Web Audit, Innovaccer - User Admin and Help Guide Web Audit",Admin Overview,Provide a persistent visible `<label>` associated with every input — placeholder text is not a label; add labels to native and custom selects.,,,label-is-missing-select,A11Y-055,"2354587, 2355308",https://axeauditor.dequecloud.com/test-run/fb2d5e00-ae0a-11f0-8290-5faeec950510
DS-051,P3,App code (DS already exposes the required API),High — matched a verified DS capability or rule,Label *text* is supplied by the app. DS forwards aria-label/-labelledby already; only the app knows which control is which.,Fix required,Button,core/components/atoms/button,No,Programmatic label does not convey purpose of control,2.4.6,Headings and Labels,AA,Serious,1,0,1,Innovaccer - Incare Web Audit MDS issues found,Task,"Give each control a unique, descriptive programmatic label that starts with its visible text; disambiguate repeated controls (e.g. multiple ""Edit"" buttons) with row/section context, and use meaningful `title`/heading text.",,,label-programmatic-not-descriptive,A11Y-084,2374467,https://axeauditor.dequecloud.com/test-run/9e878f64-b8a4-11f0-b13a-430b8706e058
DS-052,P3,Design System code,High — matched a verified DS capability or rule,Focus ring and component borders are DS-owned tokens.,Fix required,Calendar,core/components/organisms/calendar,No,State of active component lacks 3 to 1 contrast ratio,1.4.11,Non-text Contrast,AA,Serious,1,0,1,Innovaccer - Incare Web Audit MDS issues found,Calendar,"Ensure non-text contrast ≥ 3:1 against adjacent colours for focus indicators, active/selected UI-component boundaries, and meaningful icons; use the focus-ring and border tokens rather than hard-coded colours.",,,contrast-uic-active-3-1-state,A11Y-086,2342218,https://axeauditor.dequecloud.com/test-run/aa8a8272-ae0d-11f0-a2d2-5f492969aa5d
DS-053,P3,Design System code,"Low — criterion default, confirm against the component",Defaulting to DS review for WCAG 1.4.4.,Fix required,Calendar,core/components/organisms/calendar,No,Content is lost at 200% zoom,1.4.4,Resize text,AA,Serious,1,0,1,Innovaccer - Incare Web Audit MDS issues found,Calendar,Keep all content and function available at 200% text zoom — use relative units (`rem`) and avoid fixed heights that clip or hide controls.,,,resize-text-content-lost,A11Y-087,2342288,https://axeauditor.dequecloud.com/test-run/aa8a8272-ae0d-11f0-a2d2-5f492969aa5d
DS-054,P3,Design System code,Medium — inferred from WCAG criterion + component role,"Role/state wiring (aria-expanded, aria-selected, aria-sort, required ARIA attrs) belongs to the DS component that renders the widget.",Fix required,Chip,core/components/atoms/chip,No,Selected state of the element is missing or incorrect,4.1.2,"Name, Role, Value",A,Serious,1,0,1,Innovaccer - Incare Web Audit MDS issues found,Patients,"Expose correct name, role, value and state: use native semantics first, otherwise set the right `role` plus `aria-label`/`aria-labelledby`, and keep `aria-expanded`, `aria-selected`, `aria-sort`, `aria-checked` and required ARIA attributes in sync with the visual state. Avoid nested interactive elements.",,,state-selected-missing-incorrect,A11Y-089,2342682,https://axeauditor.dequecloud.com/test-run/aa8a8272-ae0d-11f0-a2d2-5f492969aa5d
DS-055,P3,Design System code,High — matched a verified DS capability or rule,The nested interactive elements are rendered by the DS component itself.,Fix required,Chip / Grid (nested interactive),"core/components/atoms/chip, core/components/organisms/grid",Yes — pin exact component before fixing,Interactive controls must not be nested,4.1.2,"Name, Role, Value",A,Serious,1,0,1,Innovaccer - User Admin and Help Guide Web Audit,Help - DAP - Overview,"Expose correct name, role, value and state: use native semantics first, otherwise set the right `role` plus `aria-label`/`aria-labelledby`, and keep `aria-expanded`, `aria-selected`, `aria-sort`, `aria-checked` and required ARIA attributes in sync with the visual state. Avoid nested interactive elements.",,,nested-interactive,A11Y-090,2340910,https://axeauditor.dequecloud.com/test-run/fb2d5e00-ae0a-11f0-8290-5faeec950510
DS-056,P3,Design System code,High — matched a verified DS capability or rule,Colour comes from DS tokens (text.module.css has no hard-coded hex); raise the token/component contrast in css/src.,Fix required,Dropdown,core/components/atoms/dropdown,No,Elements must meet minimum color contrast ratio thresholds,1.4.3,Contrast (Minimum),AA,Serious,1,0,1,Innovaccer - Incare Web Audit MDS issues found,My Case details page,Raise text contrast to at least 4.5:1 (3:1 for large text) using approved contrast-safe design tokens from `css/src/variables/index.css`; applies to placeholder and in-focus/hover link text too.,,,color-contrast,A11Y-093,2352499,https://axeauditor.dequecloud.com/test-run/aa8a8272-ae0d-11f0-a2d2-5f492969aa5d
DS-057,P3,Design System code,High — matched a verified DS capability or rule,The live region must be rendered by the DS component; an app cannot add one to markup it does not own.,Fix required,Dropdown,core/components/atoms/dropdown,No,Status message not automatically announced,4.1.3,Status Messages,AA,Serious,1,0,1,Innovaccer - Incare Web Audit MDS issues found,My Case details page,"Announce dynamic status changes (loading, saved, validation, result counts) through a live region — `role=""status""` / `aria-live=""polite""` — without moving focus.",,,status-msg-not-auto-announced,A11Y-094,2356036,https://axeauditor.dequecloud.com/test-run/aa8a8272-ae0d-11f0-a2d2-5f492969aa5d
DS-058,P3,App code (DS already exposes the required API),High — matched a verified DS capability or rule,The visible label text is app-supplied; DS already forwards the name.,Fix required,Dropdown,core/components/atoms/dropdown,No,Accessible name does not contain visible label,2.5.3,Label in Name,A,Serious,1,0,1,Innovaccer - Incare Web Audit MDS issues found,New Task,"Ensure the accessible name contains the visible label text, in the same order, so speech-input users can target the control by name.",,,speech-accessible-name-mismatch,A11Y-096,2356956,https://axeauditor.dequecloud.com/test-run/aa8a8272-ae0d-11f0-a2d2-5f492969aa5d
DS-059,P3,Design System code,High — matched a verified DS capability or rule,Focus ring and component borders are DS-owned tokens.,Fix required,Dropdown,core/components/atoms/dropdown,No,State of active component lacks 3 to 1 contrast ratio,1.4.11,Non-text Contrast,AA,Serious,1,0,1,Innovaccer - Incare Web Audit MDS issues found,Task,"Ensure non-text contrast ≥ 3:1 against adjacent colours for focus indicators, active/selected UI-component boundaries, and meaningful icons; use the focus-ring and border tokens rather than hard-coded colours.",,,contrast-uic-active-3-1-state,A11Y-098,2374365,https://axeauditor.dequecloud.com/test-run/9e878f64-b8a4-11f0-b13a-430b8706e058
DS-060,P3,Design System code,"Low — criterion default, confirm against the component",Defaulting to DS review for WCAG 2.5.8.,Fix required,Grid,core/components/organisms/grid,No,"All touch targets must be 24px large, or leave sufficient space",2.5.8,Target Size (Minimum),AA,Serious,1,0,1,Innovaccer - DAP and Analytics Web Audit - Retest,Terminology,"Make pointer targets at least 24×24 CSS px, or leave equivalent spacing around smaller targets.",,,target-size,A11Y-099,2711412,https://axeauditor.dequecloud.com/test-run/878fe7e8-63d0-11f1-8176-0f09a18241fa
DS-061,P3,Design System code,High — matched a verified DS capability or rule,Keyboard operability of DS-rendered controls (useAccessibilityProps wires role/tabIndex/Enter+Space) is DS-owned.,Fix required,Grid,core/components/organisms/grid,No,Scrollable region must have keyboard access,2.1.1,Keyboard,A,Serious,1,0,1,Innovaccer - Incare Web Audit MDS issues found,My Case details page,"Make every interactive element operable by keyboard alone: use native `<button>`/`<a>`, or add `tabIndex={0}` plus Enter/Space handlers via the shared space-key utility; give scrollable regions a focusable container.",,,scrollable-region-focusable,A11Y-102,2352502,https://axeauditor.dequecloud.com/test-run/aa8a8272-ae0d-11f0-a2d2-5f492969aa5d
DS-062,P3,Design System code,High — matched a verified DS capability or rule,"Grid renders its own internal buttons (sort/close/clear/toolbar), so their role and accessible name are DS-owned.",Fix required,Grid,core/components/organisms/grid,No,Button does not have a role,4.1.2,"Name, Role, Value",A,Serious,1,0,1,Innovaccer - Incare Web Audit MDS issues found,Assessments,"Expose correct name, role, value and state: use native semantics first, otherwise set the right `role` plus `aria-label`/`aria-labelledby`, and keep `aria-expanded`, `aria-selected`, `aria-sort`, `aria-checked` and required ARIA attributes in sync with the visual state. Avoid nested interactive elements.",,,button-missing-role,A11Y-103,2371082,https://axeauditor.dequecloud.com/test-run/9e878f64-b8a4-11f0-b13a-430b8706e058
DS-063,P3,App code (DS already exposes the required API),High — matched a verified DS capability or rule,Label *text* is supplied by the app. DS forwards aria-label/-labelledby already; only the app knows which control is which.,Fix required,Icon,core/components/atoms/icon,No,Controls have same name but different actions,2.4.6,Headings and Labels,AA,Serious,1,0,1,Innovaccer - Incare Web Audit MDS issues found,Assessments,"Give each control a unique, descriptive programmatic label that starts with its visible text; disambiguate repeated controls (e.g. multiple ""Edit"" buttons) with row/section context, and use meaningful `title`/heading text.",,,buttons-confusing,A11Y-105,2345533,https://axeauditor.dequecloud.com/test-run/aa8a8272-ae0d-11f0-a2d2-5f492969aa5d
DS-064,P3,App code (DS already exposes the required API),High — matched a verified DS capability or rule,Input already exposes an `autoComplete` prop (Input.tsx:71) — the app must pass the correct token.,Fix required,Input,core/components/atoms/input,No,Identify input purpose missing,1.3.5,Identify Input Purpose,AA,Serious,1,0,3,"Innovaccer - User Admin and Help Guide Mobile (Tablet) Web Audit, Innovaccer - User Admin and Help Guide Web Audit",How can we improve this article dialog | Search Combobox | Search and fill out form,"Add the correct `autocomplete` token (`name`, `email`, `tel`, `postal-code`, …) to inputs collecting known user data.",,,id-input-purpose-missing,A11Y-038,"2347995, 2354204, 2355220",https://axeauditor.dequecloud.com/test-run/fb2d5e00-ae0a-11f0-8290-5faeec950510
DS-065,P3,App code (DS already exposes the required API),High — matched a verified DS capability or rule,Label *text* is supplied by the app. DS forwards aria-label/-labelledby already; only the app knows which control is which.,Fix required,Label,core/components/atoms/label,No,Programmatic label does not convey purpose of control,2.4.6,Headings and Labels,AA,Serious,1,0,1,DS audit report,Date Picker,"Give each control a unique, descriptive programmatic label that starts with its visible text; disambiguate repeated controls (e.g. multiple ""Edit"" buttons) with row/section context, and use meaningful `title`/heading text.",,,label-programmatic-not-descriptive,A11Y-106,2351366,https://axeauditor.dequecloud.com/test-run/45b36198-b498-11f0-a843-6f41ab87c814
DS-066,P3,App code (DS already exposes the required API),High — matched a verified DS capability or rule,The visible label text is app-supplied; DS already forwards the name.,Fix required,Label,core/components/atoms/label,No,Accessible name does not contain visible label,2.5.3,Label in Name,A,Serious,1,0,1,DS audit report,Date Picker,"Ensure the accessible name contains the visible label text, in the same order, so speech-input users can target the control by name.",,,speech-accessible-name-mismatch,A11Y-107,2351367,https://axeauditor.dequecloud.com/test-run/45b36198-b498-11f0-a843-6f41ab87c814
DS-067,P3,Design System code,High — matched a verified DS capability or rule,"Modal.tsx already implements a focus trap and focus restore — a failure here is a defect in that DS logic, not app usage.",Fix required,Label,core/components/atoms/label,No,Keyboard focus is lost or misplaced due to user interaction or content update,2.4.3,Focus Order,A,Serious,1,0,1,DS audit report,Create User Form,"Keep focus order logical and trap focus inside modals/overlays: move focus to the dialog on open, cycle within it, restore focus to the trigger on close, and never focus visually hidden items.",,,focus-lost,A11Y-108,2355862,https://axeauditor.dequecloud.com/test-run/45b36198-b498-11f0-a843-6f41ab87c814
DS-068,P3,Design System code,"Low — criterion default, confirm against the component",Defaulting to DS review for WCAG 1.4.1.,Fix required,Link,core/components/atoms/link,No,Link contrast is not at least 3:1 with surrounding text,1.4.1,Use of Color,A,Serious,1,0,1,Innovaccer - Incare Web Audit MDS issues found,Patients,Review against WCAG 2.2 1.4.1.,,,link-insufficient-contrast,A11Y-111,2342435,https://axeauditor.dequecloud.com/test-run/aa8a8272-ae0d-11f0-a2d2-5f492969aa5d
DS-069,P3,Design System code,Medium — inferred from WCAG criterion + component role,"Role/state wiring (aria-expanded, aria-selected, aria-sort, required ARIA attrs) belongs to the DS component that renders the widget.",Fix required,Link,core/components/atoms/link,No,Link does not have a role,4.1.2,"Name, Role, Value",A,Serious,1,0,1,Innovaccer - User Admin and Help Guide Web Audit,Roles,"Expose correct name, role, value and state: use native semantics first, otherwise set the right `role` plus `aria-label`/`aria-labelledby`, and keep `aria-expanded`, `aria-selected`, `aria-sort`, `aria-checked` and required ARIA attributes in sync with the visual state. Avoid nested interactive elements.",,,link-missing-role,A11Y-112,2340406,https://axeauditor.dequecloud.com/test-run/fb2d5e00-ae0a-11f0-8290-5faeec950510
DS-070,P3,Design System code,High — matched a verified DS capability or rule,Screen-reader containment of a modal is DS-owned: Modal must set aria-modal / inert (or aria-hidden) on background content. Modal.tsx traps Tab focus but that does not stop virtual-cursor browsing outside the dialog.,Partially fixed — finish remaining occurrences,Modal / Sidesheet,"core/components/molecules/modal, core/components/molecules/sidesheet",Yes — pin exact component before fixing,Able to browse outside modal with screen reader,1.3.2,Meaningful Sequence,A,Serious,1,1,3,Innovaccer - User Admin and Help Guide Web Audit,Admin - Secondary Header | How can we improve this article dialog | Own User details page,"Make DOM order match visual reading order; inject dynamically revealed content (menus, popovers, inline messages) immediately after its trigger and keep hidden content out of the reading order with `hidden`/`display:none` rather than visual offsets.",,,reading-order-browse-outside-modal,A11Y-039,"2347679, 2355151, 2355692",https://axeauditor.dequecloud.com/test-run/fb2d5e00-ae0a-11f0-8290-5faeec950510
DS-071,P3,Design System code,High — matched a verified DS capability or rule,Fixed heights / overflow in the component CSS clip re-spaced text.,Fix required,PageHeader,core/components/organisms/pageHeader,No,Text spacing content cut off,1.4.12,Text Spacing,AA,Serious,1,0,1,Innovaccer - Incare Web Audit MDS issues found,Sample Assessments,"Ensure no content is clipped when users override text spacing (line-height 1.5, letter-spacing 0.12em, word-spacing 0.16em, paragraph spacing 2em) — avoid fixed heights and `overflow: hidden` on text containers.",,,text-spacing-cut-off,A11Y-117,2346006,https://axeauditor.dequecloud.com/test-run/aa8a8272-ae0d-11f0-a2d2-5f492969aa5d
DS-072,P3,Design System code,High — matched a verified DS capability or rule,Focus ring and component borders are DS-owned tokens.,Fix required,PlaceholderParagraph,core/components/atoms/placeholderParagraph,No,Graphical object lacks 3 to 1 contrast ratio,1.4.11,Non-text Contrast,AA,Serious,1,0,1,Innovaccer - Incare Web Audit MDS issues found,Case,"Ensure non-text contrast ≥ 3:1 against adjacent colours for focus indicators, active/selected UI-component boundaries, and meaningful icons; use the focus-ring and border tokens rather than hard-coded colours.",,,contrast-graphical-objects-3-1,A11Y-118,2422812,https://axeauditor.dequecloud.com/test-run/aa8a8272-ae0d-11f0-a2d2-5f492969aa5d
DS-073,P3,Design System code,High — matched a verified DS capability or rule,Focus ring and component borders are DS-owned tokens.,Fix required,Popover,core/components/molecules/popover,No,Focus indicator lacks 3 to 1 contrast ratio,1.4.11,Non-text Contrast,AA,Serious,1,0,1,Innovaccer - Incare Web Audit MDS issues found,My Case details page,"Ensure non-text contrast ≥ 3:1 against adjacent colours for focus indicators, active/selected UI-component boundaries, and meaningful icons; use the focus-ring and border tokens rather than hard-coded colours.",,,contrast-focus-indicator,A11Y-121,2356033,https://axeauditor.dequecloud.com/test-run/aa8a8272-ae0d-11f0-a2d2-5f492969aa5d
DS-074,P3,Design System code,High — matched a verified DS capability or rule,Colour comes from DS tokens (text.module.css has no hard-coded hex); raise the token/component contrast in css/src.,Fix required,Popover,core/components/molecules/popover,No,Text content lacks 4.5:1 contrast ratio,1.4.3,Contrast (Minimum),AA,Serious,1,0,1,Innovaccer - Incare Web Audit MDS issues found,Patients,Raise text contrast to at least 4.5:1 (3:1 for large text) using approved contrast-safe design tokens from `css/src/variables/index.css`; applies to placeholder and in-focus/hover link text too.,,,contrast-text-4.5-1,A11Y-123,2343949,https://axeauditor.dequecloud.com/test-run/aa8a8272-ae0d-11f0-a2d2-5f492969aa5d
DS-075,P3,Design System code,High — matched a verified DS capability or rule,The <ul>/<li> markup is emitted by DS Navigation/Menu components.,Fix required,RichTextEditor,core/components/atoms/editable,No,Visual list is not marked up as list,1.3.1,Info and Relationships,A,Serious,1,0,1,Innovaccer - Incare Web Audit MDS issues found,Contact the Patient 1st Call flyout,"Convey structure semantically: real `<ul>/<ol>` with only `<li>` children, `<table>` with `<th scope>` header cells, heading levels in sequential order, and programmatically associated group labels (`<fieldset>/<legend>` or `role=""group""` + `aria-labelledby`).",,,semantic-list,A11Y-126,2340918,https://axeauditor.dequecloud.com/test-run/aa8a8272-ae0d-11f0-a2d2-5f492969aa5d
DS-076,P3,Design System code,Medium — inferred from WCAG criterion + component role,"Role/state wiring (aria-expanded, aria-selected, aria-sort, required ARIA attrs) belongs to the DS component that renders the widget.",Fix required,RichTextEditor,core/components/atoms/editable,No,Button pressed state is not conveyed,4.1.2,"Name, Role, Value",A,Serious,1,0,1,Innovaccer - Incare Web Audit MDS issues found,Contact the Patient 1st Call flyout,"Expose correct name, role, value and state: use native semantics first, otherwise set the right `role` plus `aria-label`/`aria-labelledby`, and keep `aria-expanded`, `aria-selected`, `aria-sort`, `aria-checked` and required ARIA attributes in sync with the visual state. Avoid nested interactive elements.",,,button-state-pressed,A11Y-127,2340919,https://axeauditor.dequecloud.com/test-run/aa8a8272-ae0d-11f0-a2d2-5f492969aa5d
DS-077,P3,Design System code,High — matched a verified DS capability or rule,"RichTextEditor's controls are built and named by the DS itself (toolbar / nav / sort / close buttons), so their labels are DS-owned rather than app-supplied.",Fix required,RichTextEditor,core/components/atoms/editable,No,Controls have same name but different actions,2.4.6,Headings and Labels,AA,Serious,1,0,1,Innovaccer - Incare Web Audit MDS issues found,Chronic Care Management,"Give each control a unique, descriptive programmatic label that starts with its visible text; disambiguate repeated controls (e.g. multiple ""Edit"" buttons) with row/section context, and use meaningful `title`/heading text.",,,buttons-confusing,A11Y-128,2350797,https://axeauditor.dequecloud.com/test-run/aa8a8272-ae0d-11f0-a2d2-5f492969aa5d
DS-078,P3,Design System code,High — matched a verified DS capability or rule,"RichTextEditor's controls are built and named by the DS itself (toolbar / nav / sort / close buttons), so their labels are DS-owned rather than app-supplied.",Fix required,RichTextEditor,core/components/atoms/editable,No,Programmatic label does not convey purpose of control,2.4.6,Headings and Labels,AA,Serious,1,0,1,Innovaccer - Incare Web Audit MDS issues found,New Task,"Give each control a unique, descriptive programmatic label that starts with its visible text; disambiguate repeated controls (e.g. multiple ""Edit"" buttons) with row/section context, and use meaningful `title`/heading text.",,,label-programmatic-not-descriptive,A11Y-129,2412009,https://axeauditor.dequecloud.com/test-run/aa8a8272-ae0d-11f0-a2d2-5f492969aa5d
DS-079,P3,Design System code,Medium — inferred from WCAG criterion + component role,"Role/state wiring (aria-expanded, aria-selected, aria-sort, required ARIA attrs) belongs to the DS component that renders the widget.",Fix required,RichTextEditor,core/components/atoms/editable,No,Selected state of the element is missing or incorrect,4.1.2,"Name, Role, Value",A,Serious,1,0,1,Innovaccer - Incare Web Audit MDS issues found,New Task,"Expose correct name, role, value and state: use native semantics first, otherwise set the right `role` plus `aria-label`/`aria-labelledby`, and keep `aria-expanded`, `aria-selected`, `aria-sort`, `aria-checked` and required ARIA attributes in sync with the visual state. Avoid nested interactive elements.",,,state-selected-missing-incorrect,A11Y-130,2413964,https://axeauditor.dequecloud.com/test-run/aa8a8272-ae0d-11f0-a2d2-5f492969aa5d
DS-080,P3,Design System code,Medium — inferred from WCAG criterion + component role,"Role/state wiring (aria-expanded, aria-selected, aria-sort, required ARIA attrs) belongs to the DS component that renders the widget.",Fix required,RichTextEditor,core/components/atoms/editable,No,Expand/collapse state of the element is missing or incorrect,4.1.2,"Name, Role, Value",A,Serious,1,0,1,Innovaccer - Incare Web Audit MDS issues found,New Task,"Expose correct name, role, value and state: use native semantics first, otherwise set the right `role` plus `aria-label`/`aria-labelledby`, and keep `aria-expanded`, `aria-selected`, `aria-sort`, `aria-checked` and required ARIA attributes in sync with the visual state. Avoid nested interactive elements.",,,state-aria-expanded-missing-incorrect,A11Y-132,2412007,https://axeauditor.dequecloud.com/test-run/aa8a8272-ae0d-11f0-a2d2-5f492969aa5d
DS-081,P3,Design System code,"Low — criterion default, confirm against the component",Defaulting to DS review for WCAG 1.4.13.,Fix required,RichTextEditor,core/components/atoms/editable,No,Additional content not dismissible,1.4.13,Content on Hover or Focus,AA,Serious,1,0,1,Innovaccer - Incare Web Audit MDS issues found,New Task,Review against WCAG 2.2 1.4.13.,,,content-not-dismissible,A11Y-134,2355860,https://axeauditor.dequecloud.com/test-run/aa8a8272-ae0d-11f0-a2d2-5f492969aa5d
DS-082,P3,App code (DS already exposes the required API),High — matched a verified DS capability or rule,Label *text* is supplied by the app. DS forwards aria-label/-labelledby already; only the app knows which control is which.,Fix required,Select,core/components/organisms/select,No,Programmatic label does not convey purpose of control,2.4.6,Headings and Labels,AA,Serious,1,0,1,DS audit report,Create User Form,"Give each control a unique, descriptive programmatic label that starts with its visible text; disambiguate repeated controls (e.g. multiple ""Edit"" buttons) with row/section context, and use meaningful `title`/heading text.",,,label-programmatic-not-descriptive,A11Y-135,2354461,https://axeauditor.dequecloud.com/test-run/45b36198-b498-11f0-a843-6f41ab87c814
DS-083,P3,App code (DS already exposes the required API),High — matched a verified DS capability or rule,The visible label text is app-supplied; DS already forwards the name.,Fix required,Select,core/components/organisms/select,No,Accessible name does not contain visible label,2.5.3,Label in Name,A,Serious,1,0,1,DS audit report,Create User Form,"Ensure the accessible name contains the visible label text, in the same order, so speech-input users can target the control by name.",,,speech-accessible-name-mismatch,A11Y-136,2354462,https://axeauditor.dequecloud.com/test-run/45b36198-b498-11f0-a843-6f41ab87c814
DS-084,P3,App code (DS already exposes the required API),High — matched a verified DS capability or rule,Label *text* is supplied by the app. DS forwards aria-label/-labelledby already; only the app knows which control is which.,Fix required,Select,core/components/organisms/select,No,Controls have same name but different actions,2.4.6,Headings and Labels,AA,Serious,1,0,1,DS audit report,Time Period Form,"Give each control a unique, descriptive programmatic label that starts with its visible text; disambiguate repeated controls (e.g. multiple ""Edit"" buttons) with row/section context, and use meaningful `title`/heading text.",,,buttons-confusing,A11Y-137,2356809,https://axeauditor.dequecloud.com/test-run/45b36198-b498-11f0-a843-6f41ab87c814
DS-085,P3,Design System code,High — matched a verified DS capability or rule,Colour comes from DS tokens (text.module.css has no hard-coded hex); raise the token/component contrast in css/src.,Fix required,Select,core/components/organisms/select,No,Elements must meet minimum color contrast ratio thresholds,1.4.3,Contrast (Minimum),AA,Serious,1,0,1,Innovaccer - Incare Web Audit MDS issues found,My Case details page,Raise text contrast to at least 4.5:1 (3:1 for large text) using approved contrast-safe design tokens from `css/src/variables/index.css`; applies to placeholder and in-focus/hover link text too.,,,color-contrast,A11Y-138,2352501,https://axeauditor.dequecloud.com/test-run/aa8a8272-ae0d-11f0-a2d2-5f492969aa5d
DS-086,P3,Design System code,High — matched a verified DS capability or rule,Focus ring and component borders are DS-owned tokens.,Fix required,Textarea,core/components/atoms/textarea,No,Active user interface component lacks 3 to 1 contrast ratio,1.4.11,Non-text Contrast,AA,Serious,1,0,1,DS audit report,Stepper Form,"Ensure non-text contrast ≥ 3:1 against adjacent colours for focus indicators, active/selected UI-component boundaries, and meaningful icons; use the focus-ring and border tokens rather than hard-coded colours.",,,contrast-uic-active-3-1,A11Y-145,2356880,https://axeauditor.dequecloud.com/test-run/45b36198-b498-11f0-a843-6f41ab87c814
DS-087,P3,Design System code,Medium — inferred from WCAG criterion + component role,"Role/state wiring (aria-expanded, aria-selected, aria-sort, required ARIA attrs) belongs to the DS component that renders the widget.",Fix required,VerticalNav,core/components/organisms/verticalNav,No,Selected state of the element is missing or incorrect,4.1.2,"Name, Role, Value",A,Serious,1,0,1,Innovaccer - Incare Web Audit MDS issues found,Left Navbar,"Expose correct name, role, value and state: use native semantics first, otherwise set the right `role` plus `aria-label`/`aria-labelledby`, and keep `aria-expanded`, `aria-selected`, `aria-sort`, `aria-checked` and required ARIA attributes in sync with the visual state. Avoid nested interactive elements.",,,state-selected-missing-incorrect,A11Y-147,2419192,https://axeauditor.dequecloud.com/test-run/aa8a8272-ae0d-11f0-a2d2-5f492969aa5d
DS-088,P3,Design System code,Medium — inferred from WCAG criterion + component role,"Role/state wiring (aria-expanded, aria-selected, aria-sort, required ARIA attrs) belongs to the DS component that renders the widget.",Partially fixed — finish remaining occurrences,Breadcrumbs,core/components/atoms/breadcrumbs,No,Breadcrumb region is missing appropriate roles and/or attributes,4.1.2,"Name, Role, Value",A,Moderate,1,1,5,"Innovaccer - User Admin and Help Guide Mobile (Tablet) Web Audit, Innovaccer - User Admin and Help Guide Web Audit",Base Role | Help - DAP - Overview,"Expose correct name, role, value and state: use native semantics first, otherwise set the right `role` plus `aria-label`/`aria-labelledby`, and keep `aria-expanded`, `aria-selected`, `aria-sort`, `aria-checked` and required ARIA attributes in sync with the visual state. Avoid nested interactive elements.",4.22.0,breadcrumbs: enhance accessibility by adding aria-labels and changing div to nav,custom-breadcrumb,A11Y-026,"2340481, 2340837, 2341694, 2345095, 2355396",https://axeauditor.dequecloud.com/test-run/fb2d5e00-ae0a-11f0-8290-5faeec950510
DS-089,P3,Design System code,Medium — inferred from WCAG criterion + component role,"Role/state wiring (aria-expanded, aria-selected, aria-sort, required ARIA attrs) belongs to the DS component that renders the widget.",Fix required,Button / Link,"core/components/atoms/button, core/components/atoms/link",Yes — pin exact component before fixing,Anchor or button nested inside other anchor or button,4.1.2,"Name, Role, Value",A,Moderate,1,0,1,Innovaccer - User Admin and Help Guide Web Audit,Help - DAP - Overview,"Expose correct name, role, value and state: use native semantics first, otherwise set the right `role` plus `aria-label`/`aria-labelledby`, and keep `aria-expanded`, `aria-selected`, `aria-sort`, `aria-checked` and required ARIA attributes in sync with the visual state. Avoid nested interactive elements.",,,button-link-nested,A11Y-149,2341689,https://axeauditor.dequecloud.com/test-run/fb2d5e00-ae0a-11f0-8290-5faeec950510
DS-090,P3,Design System code,High — matched a verified DS capability or rule,Colour comes from DS tokens (text.module.css has no hard-coded hex); raise the token/component contrast in css/src.,Fix required,HorizontalNav,core/components/organisms/horizontalNav,No,Control text lacks 4.5:1 contrast ratio on hover or focus,1.4.3,Contrast (Minimum),AA,Moderate,1,0,1,Innovaccer - Incare Web Audit MDS issues found,Edit contact details and preferences' dialog,Raise text contrast to at least 4.5:1 (3:1 for large text) using approved contrast-safe design tokens from `css/src/variables/index.css`; applies to placeholder and in-focus/hover link text too.,,,contrast-link-infocus-4.5-1,A11Y-150,2344221,https://axeauditor.dequecloud.com/test-run/aa8a8272-ae0d-11f0-a2d2-5f492969aa5d
DS-091,P3,Design System code,Medium — inferred from WCAG criterion + component role,"Role/state wiring (aria-expanded, aria-selected, aria-sort, required ARIA attrs) belongs to the DS component that renders the widget.",Partially fixed — finish remaining occurrences,Modal / Sidesheet,"core/components/molecules/modal, core/components/molecules/sidesheet",Yes — pin exact component before fixing,Dialog / Alert Dialog: Dialog is missing appropriate role and/or attributes,4.1.2,"Name, Role, Value",A,Moderate,1,1,3,Innovaccer - User Admin and Help Guide Web Audit,Admin - Secondary Header | How can we improve this article dialog | Own User details page,"Expose correct name, role, value and state: use native semantics first, otherwise set the right `role` plus `aria-label`/`aria-labelledby`, and keep `aria-expanded`, `aria-selected`, `aria-sort`, `aria-checked` and required ARIA attributes in sync with the visual state. Avoid nested interactive elements.",,,custom-dialog,A11Y-041,"2347969, 2353885, 2355683",https://axeauditor.dequecloud.com/test-run/fb2d5e00-ae0a-11f0-8290-5faeec950510
DS-092,P3,App code (DS already exposes the required API),High — matched a verified DS capability or rule,Label *text* is supplied by the app. DS forwards aria-label/-labelledby already; only the app knows which control is which.,Fix required,Popover,core/components/molecules/popover,No,Programmatic label does not convey purpose of control,2.4.6,Headings and Labels,AA,Moderate,1,0,1,Innovaccer - Incare Web Audit MDS issues found,Chronic Care Management,"Give each control a unique, descriptive programmatic label that starts with its visible text; disambiguate repeated controls (e.g. multiple ""Edit"" buttons) with row/section context, and use meaningful `title`/heading text.",,,label-programmatic-not-descriptive,A11Y-152,2350159,https://axeauditor.dequecloud.com/test-run/aa8a8272-ae0d-11f0-a2d2-5f492969aa5d
DS-093,P3,Design System code,High — matched a verified DS capability or rule,"RichTextEditor builds its own internal DOM, so the reading order and screen-reader focus movement inside it are DS-owned.",Fix required,RichTextEditor,core/components/atoms/editable,No,Screen reader focus does not move to intended target,1.3.2,Meaningful Sequence,A,Moderate,1,0,1,Innovaccer - Incare Web Audit MDS issues found,New Task,"Make DOM order match visual reading order; inject dynamically revealed content (menus, popovers, inline messages) immediately after its trigger and keep hidden content out of the reading order with `hidden`/`display:none` rather than visual offsets.",,,focus-not-moved-screen-reader,A11Y-153,2412016,https://axeauditor.dequecloud.com/test-run/aa8a8272-ae0d-11f0-a2d2-5f492969aa5d
DS-094,P3,Design System code,Medium — inferred from WCAG criterion + component role,"Role/state wiring (aria-expanded, aria-selected, aria-sort, required ARIA attrs) belongs to the DS component that renders the widget.",Partially fixed — finish remaining occurrences,Tabs,core/components/molecules/tabs,No,Tab widget is missing appropriate roles and/or attributes,4.1.2,"Name, Role, Value",A,Moderate,1,1,3,"Innovaccer - Incare Web Audit MDS issues found, Innovaccer - User Admin and Help Guide Mobile (Tablet) Web Audit, Innovaccer - User Admin and Help Guide Web Audit",New Task | Own User details page,"Expose correct name, role, value and state: use native semantics first, otherwise set the right `role` plus `aria-label`/`aria-labelledby`, and keep `aria-expanded`, `aria-selected`, `aria-sort`, `aria-checked` and required ARIA attributes in sync with the visual state. Avoid nested interactive elements.",,,custom-tabs,A11Y-042,"2349650, 2355398, 2356938","https://axeauditor.dequecloud.com/test-run/aa8a8272-ae0d-11f0-a2d2-5f492969aa5d
https://axeauditor.dequecloud.com/test-run/fb2d5e00-ae0a-11f0-8290-5faeec950510"
DS-095,P3,Design System code,Medium — inferred from WCAG criterion + component role,The semantic structure is emitted by the DS component.,Fix required,VerticalNav,core/components/organisms/verticalNav,No,Group of navigation links missing semantics,1.3.1,Info and Relationships,A,Moderate,1,0,1,Innovaccer - Incare Web Audit MDS issues found,Left Navbar,"Convey structure semantically: real `<ul>/<ol>` with only `<li>` children, `<table>` with `<th scope>` header cells, heading levels in sequential order, and programmatically associated group labels (`<fieldset>/<legend>` or `role=""group""` + `aria-labelledby`).",,,semantic-nav,A11Y-154,2344795,https://axeauditor.dequecloud.com/test-run/aa8a8272-ae0d-11f0-a2d2-5f492969aa5d
