Action ID,Priority,Issue ID,Audit Name,Source Report File,Source Row Number,DS Component,DS Source Path,WCAG SC,Issue Summary,Impact,Auditor Validation Status,Raw Auditor Validation Value,Auditor Link,Fix Landed (fill in),Fixed in DS Version (fill in),Marked Fixed In Report (Y/N),Verified By (fill in)
DS-001,P1,2354492,Innovaccer - User Admin and Help Guide Mobile (Tablet) Web Audit,report 4.csv,20,ARIA composite widgets (Listbox / Combobox / Tabs / Grid),"core/components/organisms/listbox, core/components/organisms/combobox, core/components/molecules/tabs, core/components/organisms/grid",4.1.2,Required ARIA attributes must be provided,Critical,Open,Not Fixed,,,,,
DS-001,P1,2354493,Innovaccer - User Admin and Help Guide Mobile (Tablet) Web Audit,report 4.csv,21,ARIA composite widgets (Listbox / Combobox / Tabs / Grid),"core/components/organisms/listbox, core/components/organisms/combobox, core/components/molecules/tabs, core/components/organisms/grid",4.1.2,Required ARIA attributes must be provided,Critical,Open,Not Fixed,,,,,
DS-001,P1,2354494,Innovaccer - User Admin and Help Guide Mobile (Tablet) Web Audit,report 4.csv,22,ARIA composite widgets (Listbox / Combobox / Tabs / Grid),"core/components/organisms/listbox, core/components/organisms/combobox, core/components/molecules/tabs, core/components/organisms/grid",4.1.2,Required ARIA attributes must be provided,Critical,Open,Not Fixed,,,,,
DS-001,P1,2354495,Innovaccer - User Admin and Help Guide Mobile (Tablet) Web Audit,report 4.csv,23,ARIA composite widgets (Listbox / Combobox / Tabs / Grid),"core/components/organisms/listbox, core/components/organisms/combobox, core/components/molecules/tabs, core/components/organisms/grid",4.1.2,Required ARIA attributes must be provided,Critical,Open,Not Fixed,,,,,
DS-002,P1,2354337,Innovaccer - User Admin and Help Guide Mobile (Tablet) Web Audit,report 4.csv,12,Button,core/components/atoms/button,4.1.2,Button is missing both a role and a name,Critical,Open,Not Fixed,,,,,
DS-002,P1,2354339,Innovaccer - User Admin and Help Guide Mobile (Tablet) Web Audit,report 4.csv,13,Button,core/components/atoms/button,4.1.2,Button does not have a role,Serious,Open,Not Fixed,,,,,
DS-002,P1,2354343,Innovaccer - User Admin and Help Guide Mobile (Tablet) Web Audit,report 4.csv,15,Button,core/components/atoms/button,4.1.2,Button does not have a role,Serious,Open,Not Fixed,,,,,
DS-002,P1,2345596,Innovaccer - User Admin and Help Guide Web Audit,report 5.csv,116,Button,core/components/atoms/button,4.1.2,Buttons must have discernible text,Critical,Open,Not Fixed,https://axeauditor.dequecloud.com/test-run/fb2d5e00-ae0a-11f0-8290-5faeec950510,,,,
DS-003,P1,2350036,Innovaccer - User Admin and Help Guide Web Audit,report 5.csv,160,Input / Label,"core/components/atoms/input, core/components/atoms/label",4.1.2,Form elements must have labels,Critical,Open,Not Fixed,https://axeauditor.dequecloud.com/test-run/fb2d5e00-ae0a-11f0-8290-5faeec950510,,,,
DS-003,P1,2350037,Innovaccer - User Admin and Help Guide Web Audit,report 5.csv,161,Input / Label,"core/components/atoms/input, core/components/atoms/label",4.1.2,Form elements must have labels,Critical,Open,Not Fixed,https://axeauditor.dequecloud.com/test-run/fb2d5e00-ae0a-11f0-8290-5faeec950510,,,,
DS-003,P1,2350038,Innovaccer - User Admin and Help Guide Web Audit,report 5.csv,162,Input / Label,"core/components/atoms/input, core/components/atoms/label",4.1.2,Form elements must have labels,Critical,Open,Not Fixed,https://axeauditor.dequecloud.com/test-run/fb2d5e00-ae0a-11f0-8290-5faeec950510,,,,
DS-003,P1,2350039,Innovaccer - User Admin and Help Guide Web Audit,report 5.csv,163,Input / Label,"core/components/atoms/input, core/components/atoms/label",4.1.2,Form elements must have labels,Critical,Open,Not Fixed,https://axeauditor.dequecloud.com/test-run/fb2d5e00-ae0a-11f0-8290-5faeec950510,,,,
DS-004,P1,2341132,Innovaccer - User Admin and Help Guide Web Audit,report 5.csv,87,Interactive components (keyboard operability),,2.1.1,Function cannot be performed by keyboard alone,Critical,Open,Not Fixed,https://axeauditor.dequecloud.com/test-run/fb2d5e00-ae0a-11f0-8290-5faeec950510,,,,
DS-004,P1,2341338,Innovaccer - User Admin and Help Guide Web Audit,report 5.csv,96,Interactive components (keyboard operability),,2.1.1,Function cannot be performed by keyboard alone,Critical,Open,Partially Fixed,https://axeauditor.dequecloud.com/test-run/fb2d5e00-ae0a-11f0-8290-5faeec950510,,,,
DS-004,P1,2350437,Innovaccer - User Admin and Help Guide Web Audit,report 5.csv,164,Interactive components (keyboard operability),,2.1.1,Function cannot be performed by keyboard alone,Critical,Open,Not Fixed,https://axeauditor.dequecloud.com/test-run/fb2d5e00-ae0a-11f0-8290-5faeec950510,,,,
DS-004,P1,2353883,Innovaccer - User Admin and Help Guide Web Audit,report 5.csv,190,Interactive components (keyboard operability),,2.1.1,Function cannot be performed by keyboard alone,Critical,Open,Not Fixed,https://axeauditor.dequecloud.com/test-run/fb2d5e00-ae0a-11f0-8290-5faeec950510,,,,
DS-005,P1,2710767,Innovaccer - DAP and Analytics Web Audit - Retest,report 2.csv,2,Avatar,core/components/atoms/avatar,4.1.2,Required ARIA attributes must be provided,Critical,Open,(no validation column; Issue Status=Open),https://axeauditor.dequecloud.com/test-run/878fe7e8-63d0-11f1-8176-0f09a18241fa/issue/1d12d576-52c9-4e1e-bef2-63b7237de85a,,,,
DS-005,P1,2710766,Innovaccer - DAP and Analytics Web Audit - Retest,report 2.csv,5,Avatar,core/components/atoms/avatar,4.1.2,Required ARIA attributes must be provided,Critical,Open,(no validation column; Issue Status=Open),https://axeauditor.dequecloud.com/test-run/878fe7e8-63d0-11f1-8176-0f09a18241fa/issue/68e1db81-8a03-43e8-b009-c652d34c0762,,,,
DS-005,P1,2710768,Innovaccer - DAP and Analytics Web Audit - Retest,report 2.csv,8,Avatar,core/components/atoms/avatar,4.1.2,Required ARIA attributes must be provided,Critical,Open,(no validation column; Issue Status=Open),https://axeauditor.dequecloud.com/test-run/878fe7e8-63d0-11f1-8176-0f09a18241fa/issue/c65107a4-e495-4868-86cd-53f554339d09,,,,
DS-006,P1,2355207,Innovaccer - User Admin and Help Guide Mobile (Tablet) Web Audit,report 4.csv,96,Dropdown / Combobox,"core/components/atoms/dropdown, core/components/organisms/combobox",4.1.2,Combobox is missing appropriate roles and/or attributes,Critical,Open,Not Fixed,,,,,
DS-006,P1,2340029,Innovaccer - User Admin and Help Guide Web Audit,report 5.csv,66,Dropdown / Combobox,"core/components/atoms/dropdown, core/components/organisms/combobox",4.1.2,Combobox is missing appropriate roles and/or attributes,Critical,Open,Not Fixed,https://axeauditor.dequecloud.com/test-run/fb2d5e00-ae0a-11f0-8290-5faeec950510,,,,
DS-006,P1,2342095,Innovaccer - User Admin and Help Guide Web Audit,report 5.csv,109,Dropdown / Combobox,"core/components/atoms/dropdown, core/components/organisms/combobox",4.1.2,Combobox is missing appropriate roles and/or attributes,Critical,Open,Not Fixed,https://axeauditor.dequecloud.com/test-run/fb2d5e00-ae0a-11f0-8290-5faeec950510,,,,
DS-007,P1,2354346,Innovaccer - User Admin and Help Guide Mobile (Tablet) Web Audit,report 4.csv,16,Icon / Avatar (image alt),"core/components/atoms/icon, core/components/atoms/avatar",1.1.1,Text alternative for the informative image is missing,Critical,Open,Not Fixed,,,,,
DS-007,P1,2354601,Innovaccer - User Admin and Help Guide Mobile (Tablet) Web Audit,report 4.csv,45,Icon / Avatar (image alt),"core/components/atoms/icon, core/components/atoms/avatar",1.1.1,The decorative image is not hidden from screen readers,Moderate,Open,Not Fixed,,,,,
DS-007,P1,2353890,Innovaccer - User Admin and Help Guide Web Audit,report 5.csv,197,Icon / Avatar (image alt),"core/components/atoms/icon, core/components/atoms/avatar",1.1.1,Text alternative does not present same info as image,Serious,Open,Not Fixed,https://axeauditor.dequecloud.com/test-run/fb2d5e00-ae0a-11f0-8290-5faeec950510,,,,
DS-008,P1,2350978,DS audit report,report 1.csv,20,Calendar,core/components/organisms/calendar,2.1.1,Function cannot be performed by keyboard alone,Critical,Open,(no validation column; Issue Status=Open),https://axeauditor.dequecloud.com/test-run/45b36198-b498-11f0-a843-6f41ab87c814/issue/ddada976-b4ad-11f0-91d4-d78827825c18,,,,
DS-008,P1,2342217,Innovaccer - Incare Web Audit MDS issues found,report 3.csv,54,Calendar,core/components/organisms/calendar,2.1.1,Function cannot be performed by keyboard alone,Critical,Open,(no validation column; Issue Status=Open),https://axeauditor.dequecloud.com/test-run/aa8a8272-ae0d-11f0-a2d2-5f492969aa5d/issue/c6dbdeec-b08f-11f0-ac47-570aabcec047,,,,
DS-009,P1,2354582,Innovaccer - User Admin and Help Guide Mobile (Tablet) Web Audit,report 4.csv,29,Custom interactive elements (missing role),,4.1.2,The element's role is missing or incorrect,Critical,Open,Not Fixed,,,,,
DS-009,P1,2341138,Innovaccer - User Admin and Help Guide Web Audit,report 5.csv,91,Custom interactive elements (missing role),,4.1.2,The element's role is missing or incorrect,Critical,Open,Not Fixed,https://axeauditor.dequecloud.com/test-run/fb2d5e00-ae0a-11f0-8290-5faeec950510,,,,
DS-010,P1,2353861,DS audit report,report 1.csv,3,Icon,core/components/atoms/icon,1.1.1,Text alternative does not present same info as image,Serious,Open,(no validation column; Issue Status=Open),https://axeauditor.dequecloud.com/test-run/45b36198-b498-11f0-a843-6f41ab87c814/issue/2bf4eb16-b577-11f0-8d84-6f8e2e5d3a42,,,,
DS-010,P1,2350077,Innovaccer - Incare Web Audit MDS issues found,report 3.csv,62,Icon,core/components/atoms/icon,1.1.1,Images must have alternative text,Critical,Open,(no validation column; Issue Status=Open),https://axeauditor.dequecloud.com/test-run/aa8a8272-ae0d-11f0-a2d2-5f492969aa5d/issue/07e2d2f8-ffc8-4388-9df2-55c3af4609b8,,,,
DS-011,P1,2354336,Innovaccer - User Admin and Help Guide Mobile (Tablet) Web Audit,report 4.csv,11,Interactive atoms (keyboard handlers),,2.1.1,Action cannot be performed with a screen reader turned on,Critical,Open,Not Fixed,,,,,
DS-011,P1,2354351,Innovaccer - User Admin and Help Guide Mobile (Tablet) Web Audit,report 4.csv,18,Interactive atoms (keyboard handlers),,2.1.1,Action cannot be performed with a screen reader turned on,Critical,Open,Not Fixed,,,,,
DS-012,P1,2355007,DS audit report,report 1.csv,16,Button,core/components/atoms/button,2.1.1,Function cannot be performed by keyboard alone,Critical,Open,(no validation column; Issue Status=Open),https://axeauditor.dequecloud.com/test-run/45b36198-b498-11f0-a843-6f41ab87c814/issue/b438917c-b5f8-11f0-87a4-8fe2a1fb1b29,,,,
DS-013,P1,2408293,Innovaccer - Incare Web Audit MDS issues found,report 3.csv,86,Card,core/components/atoms/card,1.3.2,Informative (static) content is not readable by a screen reader,Critical,Open,(no validation column; Issue Status=Open),https://axeauditor.dequecloud.com/test-run/aa8a8272-ae0d-11f0-a2d2-5f492969aa5d/issue/d6f22e42-d0df-11f0-8e8e-3f5ea5d9b7b2,,,,
DS-014,P1,2350975,DS audit report,report 1.csv,19,Heading,core/components/atoms/heading,2.1.1,Function cannot be performed by keyboard alone,Critical,Open,(no validation column; Issue Status=Open),https://axeauditor.dequecloud.com/test-run/45b36198-b498-11f0-a843-6f41ab87c814/issue/c5b9ce80-b4ad-11f0-91c8-f3e2bd3141f9,,,,
DS-015,P1,2354809,DS audit report,report 1.csv,6,Listbox,core/components/organisms/listbox,4.1.2,Custom select does not have a role and/or state,Critical,Open,(no validation column; Issue Status=Open),https://axeauditor.dequecloud.com/test-run/45b36198-b498-11f0-a843-6f41ab87c814/issue/382a9f0e-b5b6-11f0-ab4d-a772ced5f2b5,,,,
DS-016,P1,2355735,Innovaccer - Incare Web Audit MDS issues found,report 3.csv,27,Menu,core/components/organisms/menu,4.1.2,Elements must only use supported ARIA attributes,Critical,Open,(no validation column; Issue Status=Open),https://axeauditor.dequecloud.com/test-run/aa8a8272-ae0d-11f0-a2d2-5f492969aa5d/issue/7bef1cd7-c553-4b4a-8b1c-073dfa77b65b,,,,
DS-017,P1,2350060,Innovaccer - Incare Web Audit MDS issues found,report 3.csv,63,RichTextEditor,core/components/atoms/editable,4.1.2,Elements must only use supported ARIA attributes,Critical,Open,(no validation column; Issue Status=Open),https://axeauditor.dequecloud.com/test-run/aa8a8272-ae0d-11f0-a2d2-5f492969aa5d/issue/02fd2b1d-9a32-4c6b-989d-e5365428ee23,,,,
DS-018,P1,2412008,Innovaccer - Incare Web Audit MDS issues found,report 3.csv,72,RichTextEditor,core/components/atoms/editable,4.1.2,Tooltip content is not accessible to screen readers,Critical,Open,(no validation column; Issue Status=Open),https://axeauditor.dequecloud.com/test-run/aa8a8272-ae0d-11f0-a2d2-5f492969aa5d/issue/81829864-d37a-11f0-afab-d7abdf0aa372,,,,
DS-019,P1,2412017,Innovaccer - Incare Web Audit MDS issues found,report 3.csv,73,RichTextEditor,core/components/atoms/editable,4.1.2,Button does not have a name,Critical,Open,(no validation column; Issue Status=Open),https://axeauditor.dequecloud.com/test-run/aa8a8272-ae0d-11f0-a2d2-5f492969aa5d/issue/81874318-d37b-11f0-ad51-27378986c28c,,,,
DS-020,P1,2412018,Innovaccer - Incare Web Audit MDS issues found,report 3.csv,74,RichTextEditor,core/components/atoms/editable,4.1.2,Custom radio button does not have a role and/or state,Critical,Open,(no validation column; Issue Status=Open),https://axeauditor.dequecloud.com/test-run/aa8a8272-ae0d-11f0-a2d2-5f492969aa5d/issue/8630d726-d37b-11f0-83d6-f7d38f3af2d4,,,,
DS-021,P1,2350857,Innovaccer - Incare Web Audit MDS issues found,report 3.csv,75,RichTextEditor,core/components/atoms/editable,2.4.7,Focus indicator is missing,Critical,Open,(no validation column; Issue Status=Open),https://axeauditor.dequecloud.com/test-run/aa8a8272-ae0d-11f0-a2d2-5f492969aa5d/issue/e7a13c7a-b4a5-11f0-9868-d793d239d30a,,,,
DS-022,P1,2352496,Innovaccer - Incare Web Audit MDS issues found,report 3.csv,18,Select,core/components/organisms/select,4.1.2,Elements must only use supported ARIA attributes,Critical,Open,(no validation column; Issue Status=Open),https://axeauditor.dequecloud.com/test-run/aa8a8272-ae0d-11f0-a2d2-5f492969aa5d/issue/495cfd56-e4c7-4b59-abf0-a3031c7c0369,,,,
DS-023,P1,2350757,Innovaccer - Incare Web Audit MDS issues found,report 3.csv,53,Text,core/components/atoms/text,2.1.1,Function cannot be performed by keyboard alone,Critical,Open,(no validation column; Issue Status=Open),https://axeauditor.dequecloud.com/test-run/aa8a8272-ae0d-11f0-a2d2-5f492969aa5d/issue/5f97a516-b49c-11f0-bf31-6b1bb6b9db09,,,,
DS-024,P1,2348868,Innovaccer - Incare Web Audit MDS issues found,report 3.csv,87,Tooltip,core/components/molecules/tooltip,4.1.2,Tooltip content is not accessible to screen readers,Critical,Open,(no validation column; Issue Status=Open),https://axeauditor.dequecloud.com/test-run/aa8a8272-ae0d-11f0-a2d2-5f492969aa5d/issue/a7adb244-b40d-11f0-aabc-133caf68f3cc,,,,
DS-025,P1,2422867,Innovaccer - Incare Web Audit MDS issues found,report 3.csv,36,Tooltip,core/components/molecules/tooltip,2.1.1,Function cannot be performed by keyboard alone,Critical,Open,(no validation column; Issue Status=Open),https://axeauditor.dequecloud.com/test-run/aa8a8272-ae0d-11f0-a2d2-5f492969aa5d/issue/01e11f6a-d71f-11f0-9583-e3e074261ec7,,,,
DS-026,P2,2354491,Innovaccer - User Admin and Help Guide Mobile (Tablet) Web Audit,report 4.csv,19,Button / Link,"core/components/atoms/button, core/components/atoms/link",4.1.2,ARIA commands must have an accessible name,Serious,Open,Not Fixed,,,,,
DS-026,P2,2338687,Innovaccer - User Admin and Help Guide Web Audit,report 5.csv,4,Button / Link,"core/components/atoms/button, core/components/atoms/link",4.1.2,ARIA commands must have an accessible name,Serious,Open,Not fixed,https://axeauditor.dequecloud.com/test-run/fb2d5e00-ae0a-11f0-8290-5faeec950510,,,,
DS-026,P2,2339188,Innovaccer - User Admin and Help Guide Web Audit,report 5.csv,54,Button / Link,"core/components/atoms/button, core/components/atoms/link",4.1.2,ARIA commands must have an accessible name,Serious,Open,Not fixed,https://axeauditor.dequecloud.com/test-run/fb2d5e00-ae0a-11f0-8290-5faeec950510,,,,
DS-026,P2,2339310,Innovaccer - User Admin and Help Guide Web Audit,report 5.csv,62,Button / Link,"core/components/atoms/button, core/components/atoms/link",4.1.2,ARIA commands must have an accessible name,Serious,Open,Not fixed,https://axeauditor.dequecloud.com/test-run/fb2d5e00-ae0a-11f0-8290-5faeec950510,,,,
DS-026,P2,2340905,Innovaccer - User Admin and Help Guide Web Audit,report 5.csv,82,Button / Link,"core/components/atoms/button, core/components/atoms/link",4.1.2,ARIA commands must have an accessible name,Serious,Open,Not Fixed,https://axeauditor.dequecloud.com/test-run/fb2d5e00-ae0a-11f0-8290-5faeec950510,,,,
DS-026,P2,2346098,Innovaccer - User Admin and Help Guide Web Audit,report 5.csv,123,Button / Link,"core/components/atoms/button, core/components/atoms/link",4.1.2,ARIA commands must have an accessible name,Serious,Open,Not Fixed,https://axeauditor.dequecloud.com/test-run/fb2d5e00-ae0a-11f0-8290-5faeec950510,,,,
DS-026,P2,2350035,Innovaccer - User Admin and Help Guide Web Audit,report 5.csv,159,Button / Link,"core/components/atoms/button, core/components/atoms/link",4.1.2,ARIA commands must have an accessible name,Serious,Open,Not Fixed,https://axeauditor.dequecloud.com/test-run/fb2d5e00-ae0a-11f0-8290-5faeec950510,,,,
DS-027,P2,2354342,Innovaccer - User Admin and Help Guide Mobile (Tablet) Web Audit,report 4.csv,14,Disclosure controls (Accordion / Dropdown / Menu / Collapsible),"core/components/atoms/dropdown, core/components/organisms/menu, core/components/atoms/collapsible",4.1.2,Expand/collapse state of the element is missing or incorrect,Serious,Open,Not Fixed,,,,,
DS-027,P2,2354350,Innovaccer - User Admin and Help Guide Mobile (Tablet) Web Audit,report 4.csv,17,Disclosure controls (Accordion / Dropdown / Menu / Collapsible),"core/components/atoms/dropdown, core/components/organisms/menu, core/components/atoms/collapsible",4.1.2,Expand/collapse state of the element is missing or incorrect,Serious,Open,Not Fixed,,,,,
DS-027,P2,2354597,Innovaccer - User Admin and Help Guide Mobile (Tablet) Web Audit,report 4.csv,43,Disclosure controls (Accordion / Dropdown / Menu / Collapsible),"core/components/atoms/dropdown, core/components/organisms/menu, core/components/atoms/collapsible",4.1.2,Expand/collapse state of the element is missing or incorrect,Serious,Open,Not Fixed,,,,,
DS-027,P2,2345096,Innovaccer - User Admin and Help Guide Web Audit,report 5.csv,111,Disclosure controls (Accordion / Dropdown / Menu / Collapsible),"core/components/atoms/dropdown, core/components/organisms/menu, core/components/atoms/collapsible",4.1.2,Expand/collapse state of the element is missing or incorrect,Serious,Open,New issue by remediation,https://axeauditor.dequecloud.com/test-run/fb2d5e00-ae0a-11f0-8290-5faeec950510,,,,
DS-027,P2,2350495,Innovaccer - User Admin and Help Guide Web Audit,report 5.csv,170,Disclosure controls (Accordion / Dropdown / Menu / Collapsible),"core/components/atoms/dropdown, core/components/organisms/menu, core/components/atoms/collapsible",4.1.2,Expand/collapse state of the element is missing or incorrect,Serious,Open,Not Fixed,https://axeauditor.dequecloud.com/test-run/fb2d5e00-ae0a-11f0-8290-5faeec950510,,,,
DS-027,P2,2353882,Innovaccer - User Admin and Help Guide Web Audit,report 5.csv,189,Disclosure controls (Accordion / Dropdown / Menu / Collapsible),"core/components/atoms/dropdown, core/components/organisms/menu, core/components/atoms/collapsible",4.1.2,Expand/collapse state of the element is missing or incorrect,Serious,Open,New issue by remediation,https://axeauditor.dequecloud.com/test-run/fb2d5e00-ae0a-11f0-8290-5faeec950510,,,,
DS-027,P2,2355704,Innovaccer - User Admin and Help Guide Web Audit,report 5.csv,244,Disclosure controls (Accordion / Dropdown / Menu / Collapsible),"core/components/atoms/dropdown, core/components/organisms/menu, core/components/atoms/collapsible",4.1.2,Expand/collapse state of the element is missing or incorrect,Serious,Open,Not Fixed,https://axeauditor.dequecloud.com/test-run/fb2d5e00-ae0a-11f0-8290-5faeec950510,,,,
DS-028,P2,2352500,Innovaccer - Incare Web Audit MDS issues found,report 3.csv,22,Text,core/components/atoms/text,1.4.3,Elements must meet minimum color contrast ratio thresholds,Serious,Open,(no validation column; Issue Status=Open),https://axeauditor.dequecloud.com/test-run/aa8a8272-ae0d-11f0-a2d2-5f492969aa5d/issue/a97d5886-6db8-4537-a85a-7227e52598a8,,,,
DS-028,P2,2412971,Innovaccer - Incare Web Audit MDS issues found,report 3.csv,37,Text,core/components/atoms/text,1.4.3,Text content lacks 4.5:1 contrast ratio,Serious,Open,(no validation column; Issue Status=Open),https://axeauditor.dequecloud.com/test-run/aa8a8272-ae0d-11f0-a2d2-5f492969aa5d/issue/1d987b72-d418-11f0-a1b5-7bd4cd5d1f2d,,,,
DS-028,P2,2342525,Innovaccer - Incare Web Audit MDS issues found,report 3.csv,81,Text,core/components/atoms/text,1.4.3,Elements must meet minimum color contrast ratio thresholds,Serious,Open,(no validation column; Issue Status=Open),https://axeauditor.dequecloud.com/test-run/aa8a8272-ae0d-11f0-a2d2-5f492969aa5d/issue/630b9ec2-c754-484f-b86d-50252cbd8be6,,,,
DS-028,P2,2342526,Innovaccer - Incare Web Audit MDS issues found,report 3.csv,82,Text,core/components/atoms/text,1.4.3,Elements must meet minimum color contrast ratio thresholds,Serious,Open,(no validation column; Issue Status=Open),https://axeauditor.dequecloud.com/test-run/aa8a8272-ae0d-11f0-a2d2-5f492969aa5d/issue/a5d3592f-2b93-49cc-8284-c08ec4a1fc85,,,,
DS-028,P2,2341079,Innovaccer - Incare Web Audit MDS issues found,report 3.csv,83,Text,core/components/atoms/text,1.4.3,Elements must meet minimum color contrast ratio thresholds,Serious,Open,(no validation column; Issue Status=Open),https://axeauditor.dequecloud.com/test-run/aa8a8272-ae0d-11f0-a2d2-5f492969aa5d/issue/89d0ad06-b843-48e0-a148-b0264c8caf5c,,,,
DS-028,P2,2341080,Innovaccer - Incare Web Audit MDS issues found,report 3.csv,84,Text,core/components/atoms/text,1.4.3,Elements must meet minimum color contrast ratio thresholds,Serious,Open,(no validation column; Issue Status=Open),https://axeauditor.dequecloud.com/test-run/aa8a8272-ae0d-11f0-a2d2-5f492969aa5d/issue/a0279349-f157-4af5-af7e-964bdf6a4c21,,,,
DS-028,P2,2341081,Innovaccer - Incare Web Audit MDS issues found,report 3.csv,85,Text,core/components/atoms/text,1.4.3,Elements must meet minimum color contrast ratio thresholds,Serious,Open,(no validation column; Issue Status=Open),https://axeauditor.dequecloud.com/test-run/aa8a8272-ae0d-11f0-a2d2-5f492969aa5d/issue/4ba028a6-b7b6-4f0f-890c-7365f7de0852,,,,
DS-029,P2,2355206,Innovaccer - User Admin and Help Guide Mobile (Tablet) Web Audit,report 4.csv,95,Design tokens — colour palette,"css/src/tokens/index.css, css/src/variables/index.css",1.4.3,Text content lacks 4.5:1 contrast ratio,Serious,Open,Not Fixed,,,,,
DS-029,P2,2355210,Innovaccer - User Admin and Help Guide Mobile (Tablet) Web Audit,report 4.csv,99,Design tokens — colour palette,"css/src/tokens/index.css, css/src/variables/index.css",1.4.3,Text content lacks 4.5:1 contrast ratio,Serious,Open,Not Fixed,,,,,
DS-029,P2,2342012,Innovaccer - User Admin and Help Guide Web Audit,report 5.csv,107,Design tokens — colour palette,"css/src/tokens/index.css, css/src/variables/index.css",1.4.3,Text content lacks 4.5:1 contrast ratio,Serious,Open,Not Fixed,https://axeauditor.dequecloud.com/test-run/fb2d5e00-ae0a-11f0-8290-5faeec950510,,,,
DS-029,P2,2346099,Innovaccer - User Admin and Help Guide Web Audit,report 5.csv,124,Design tokens — colour palette,"css/src/tokens/index.css, css/src/variables/index.css",1.4.3,Elements must meet minimum color contrast ratio thresholds,Serious,Open,Not Fixed,https://axeauditor.dequecloud.com/test-run/fb2d5e00-ae0a-11f0-8290-5faeec950510,,,,
DS-029,P2,2353689,Innovaccer - User Admin and Help Guide Web Audit,report 5.csv,177,Design tokens — colour palette,"css/src/tokens/index.css, css/src/variables/index.css",1.4.3,Elements must meet minimum color contrast ratio thresholds,Serious,Open,Not Fixed,https://axeauditor.dequecloud.com/test-run/fb2d5e00-ae0a-11f0-8290-5faeec950510,,,,
DS-029,P2,2353690,Innovaccer - User Admin and Help Guide Web Audit,report 5.csv,178,Design tokens — colour palette,"css/src/tokens/index.css, css/src/variables/index.css",1.4.3,Elements must meet minimum color contrast ratio thresholds,Serious,Open,Not Fixed,https://axeauditor.dequecloud.com/test-run/fb2d5e00-ae0a-11f0-8290-5faeec950510,,,,
DS-030,P2,2342522,Innovaccer - Incare Web Audit MDS issues found,report 3.csv,32,Link,core/components/atoms/link,1.4.3,Text content lacks 4.5:1 contrast ratio,Serious,Open,(no validation column; Issue Status=Open),https://axeauditor.dequecloud.com/test-run/aa8a8272-ae0d-11f0-a2d2-5f492969aa5d/issue/32254e40-b09f-11f0-b891-8b08e8cb29e4,,,,
DS-030,P2,2342010,Innovaccer - User Admin and Help Guide Web Audit,report 5.csv,105,Link,core/components/atoms/link,1.4.3,Control text lacks 4.5:1 contrast ratio on hover or focus,Serious,Open,Not Fixed,https://axeauditor.dequecloud.com/test-run/fb2d5e00-ae0a-11f0-8290-5faeec950510,,,,
DS-030,P2,2342011,Innovaccer - User Admin and Help Guide Web Audit,report 5.csv,106,Link,core/components/atoms/link,1.4.3,Control text lacks 4.5:1 contrast ratio on hover or focus,Serious,Open,Not Fixed,https://axeauditor.dequecloud.com/test-run/fb2d5e00-ae0a-11f0-8290-5faeec950510,,,,
DS-030,P2,2342014,Innovaccer - User Admin and Help Guide Web Audit,report 5.csv,108,Link,core/components/atoms/link,1.4.3,Control text lacks 4.5:1 contrast ratio on hover or focus,Serious,Open,Not Fixed,https://axeauditor.dequecloud.com/test-run/fb2d5e00-ae0a-11f0-8290-5faeec950510,,,,
DS-030,P2,2353648,Innovaccer - User Admin and Help Guide Web Audit,report 5.csv,174,Link,core/components/atoms/link,1.4.3,Control text lacks 4.5:1 contrast ratio on hover or focus,Serious,Open,Not Fixed,https://axeauditor.dequecloud.com/test-run/fb2d5e00-ae0a-11f0-8290-5faeec950510,,,,
DS-031,P2,2355208,Innovaccer - User Admin and Help Guide Mobile (Tablet) Web Audit,report 4.csv,97,Live-region components (Toast / Message / Spinner / Grid),"core/components/atoms/toast, core/components/atoms/message, core/components/atoms/spinner, core/components/organisms/grid",4.1.3,Status message not automatically announced,Serious,Open,Not Fixed,,,,,
DS-031,P2,2355209,Innovaccer - User Admin and Help Guide Mobile (Tablet) Web Audit,report 4.csv,98,Live-region components (Toast / Message / Spinner / Grid),"core/components/atoms/toast, core/components/atoms/message, core/components/atoms/spinner, core/components/organisms/grid",4.1.3,Status message not automatically announced,Serious,Open,Not Fixed,,,,,
DS-031,P2,2339293,Innovaccer - User Admin and Help Guide Web Audit,report 5.csv,61,Live-region components (Toast / Message / Spinner / Grid),"core/components/atoms/toast, core/components/atoms/message, core/components/atoms/spinner, core/components/organisms/grid",4.1.3,Status message not automatically announced,Serious,Open,Not fixed,https://axeauditor.dequecloud.com/test-run/fb2d5e00-ae0a-11f0-8290-5faeec950510,,,,
DS-031,P2,2345593,Innovaccer - User Admin and Help Guide Web Audit,report 5.csv,115,Live-region components (Toast / Message / Spinner / Grid),"core/components/atoms/toast, core/components/atoms/message, core/components/atoms/spinner, core/components/organisms/grid",4.1.3,Status message not automatically announced,Serious,Open,Not Fixed,https://axeauditor.dequecloud.com/test-run/fb2d5e00-ae0a-11f0-8290-5faeec950510,,,,
DS-031,P2,2350496,Innovaccer - User Admin and Help Guide Web Audit,report 5.csv,171,Live-region components (Toast / Message / Spinner / Grid),"core/components/atoms/toast, core/components/atoms/message, core/components/atoms/spinner, core/components/organisms/grid",4.1.3,Status message not automatically announced,Serious,Open,Not Fixed,https://axeauditor.dequecloud.com/test-run/fb2d5e00-ae0a-11f0-8290-5faeec950510,,,,
DS-032,P2,2711518,Innovaccer - DAP and Analytics Web Audit - Retest,report 2.csv,4,Navigation (list markup),core/components/organisms/navigation,1.3.1,"<ul> and <ol> must only directly contain <li>, <script> or <template> elements",Serious,Open,(no validation column; Issue Status=Open),https://axeauditor.dequecloud.com/test-run/878fe7e8-63d0-11f1-8176-0f09a18241fa/issue/51419cb2-5ea3-417f-8b76-e577d72ee12c,,,,
DS-032,P2,2354586,Innovaccer - User Admin and Help Guide Mobile (Tablet) Web Audit,report 4.csv,33,Navigation (list markup),core/components/organisms/navigation,1.3.1,Visual list is not marked up as list,Serious,Open,Not Fixed,,,,,
DS-032,P2,2353878,Innovaccer - User Admin and Help Guide Web Audit,report 5.csv,185,Navigation (list markup),core/components/organisms/navigation,1.3.1,Visual list is not marked up as list,Serious,Open,Not Fixed,https://axeauditor.dequecloud.com/test-run/fb2d5e00-ae0a-11f0-8290-5faeec950510,,,,
DS-032,P2,2353900,Innovaccer - User Admin and Help Guide Web Audit,report 5.csv,198,Navigation (list markup),core/components/organisms/navigation,1.3.1,Visual list is not marked up as list,Serious,Open,Not Fixed,https://axeauditor.dequecloud.com/test-run/fb2d5e00-ae0a-11f0-8290-5faeec950510,,,,
DS-032,P2,2355307,Innovaccer - User Admin and Help Guide Web Audit,report 5.csv,219,Navigation (list markup),core/components/organisms/navigation,1.3.1,Visual list is not marked up as list,Serious,Open,Not Fixed,https://axeauditor.dequecloud.com/test-run/fb2d5e00-ae0a-11f0-8290-5faeec950510,,,,
DS-033,P2,2355212,Innovaccer - User Admin and Help Guide Mobile (Tablet) Web Audit,report 4.csv,101,Design tokens — colour palette,"css/src/tokens/index.css, css/src/variables/index.css",1.4.11,Active user interface component lacks 3 to 1 contrast ratio,Serious,Open,Not Fixed,,,,,
DS-033,P2,2355215,Innovaccer - User Admin and Help Guide Mobile (Tablet) Web Audit,report 4.csv,103,Design tokens — colour palette,"css/src/tokens/index.css, css/src/variables/index.css",1.4.11,Active user interface component lacks 3 to 1 contrast ratio,Serious,Open,Not Fixed,,,,,
DS-033,P2,2353649,Innovaccer - User Admin and Help Guide Web Audit,report 5.csv,175,Design tokens — colour palette,"css/src/tokens/index.css, css/src/variables/index.css",1.4.11,An icon lacks 3 to 1 contrast ratio,Serious,Open,Not Fixed,https://axeauditor.dequecloud.com/test-run/fb2d5e00-ae0a-11f0-8290-5faeec950510,,,,
DS-033,P2,2353984,Innovaccer - User Admin and Help Guide Web Audit,report 5.csv,200,Design tokens — colour palette,"css/src/tokens/index.css, css/src/variables/index.css",1.4.11,An icon lacks 3 to 1 contrast ratio,Serious,Open,Not Fixed,https://axeauditor.dequecloud.com/test-run/fb2d5e00-ae0a-11f0-8290-5faeec950510,,,,
DS-034,P2,2345488,Innovaccer - Incare Web Audit MDS issues found,report 3.csv,58,Input,core/components/atoms/input,1.4.3,Placeholder text lacks 4.5:1 contrast ratio,Serious,Open,(no validation column; Issue Status=Open),https://axeauditor.dequecloud.com/test-run/aa8a8272-ae0d-11f0-a2d2-5f492969aa5d/issue/d81a2338-b2f3-11f0-bd21-eb7eb41dee14,,,,
DS-034,P2,2342544,Innovaccer - Incare Web Audit MDS issues found,report 3.csv,78,Input,core/components/atoms/input,1.4.3,Placeholder text lacks 4.5:1 contrast ratio,Serious,Open,(no validation column; Issue Status=Open),https://axeauditor.dequecloud.com/test-run/aa8a8272-ae0d-11f0-a2d2-5f492969aa5d/issue/1ec3e6c0-b0a1-11f0-8af6-fbe333191d68,,,,
DS-034,P2,2371018,Innovaccer - Incare Web Audit MDS issues found,report 3.csv,89,Input,core/components/atoms/input,1.4.3,Placeholder text lacks 4.5:1 contrast ratio,Serious,Open,(no validation column; Issue Status=Open),https://axeauditor.dequecloud.com/test-run/9e878f64-b8a4-11f0-b13a-430b8706e058/issue/5a2f73d8-bebf-11f0-9a01-c707a857d243,,,,
DS-034,P2,2355211,Innovaccer - User Admin and Help Guide Mobile (Tablet) Web Audit,report 4.csv,100,Input,core/components/atoms/input,1.4.3,Placeholder text lacks 4.5:1 contrast ratio,Serious,Open,Not Fixed,,,,,
DS-035,P2,2710774,Innovaccer - DAP and Analytics Web Audit - Retest,report 2.csv,6,Avatar,core/components/atoms/avatar,4.1.2,Interactive controls must not be nested,Serious,Open,(no validation column; Issue Status=Open),https://axeauditor.dequecloud.com/test-run/878fe7e8-63d0-11f1-8176-0f09a18241fa/issue/78b5f560-23ed-4e09-a02d-5f8ead478180,,,,
DS-035,P2,2710775,Innovaccer - DAP and Analytics Web Audit - Retest,report 2.csv,7,Avatar,core/components/atoms/avatar,4.1.2,Interactive controls must not be nested,Serious,Open,(no validation column; Issue Status=Open),https://axeauditor.dequecloud.com/test-run/878fe7e8-63d0-11f1-8176-0f09a18241fa/issue/9a895cd3-b1c8-4da0-95a4-a513902298fd,,,,
DS-035,P2,2710776,Innovaccer - DAP and Analytics Web Audit - Retest,report 2.csv,9,Avatar,core/components/atoms/avatar,4.1.2,Interactive controls must not be nested,Serious,Open,(no validation column; Issue Status=Open),https://axeauditor.dequecloud.com/test-run/878fe7e8-63d0-11f1-8176-0f09a18241fa/issue/c7a2d341-a64c-4feb-9c38-4e71bbd6fb74,,,,
DS-036,P2,2354578,Innovaccer - User Admin and Help Guide Mobile (Tablet) Web Audit,report 4.csv,26,Heading,core/components/atoms/heading,1.3.1,Visual heading text is not marked as heading,Serious,Open,Not Fixed,,,,,
DS-036,P2,2340845,Innovaccer - User Admin and Help Guide Web Audit,report 5.csv,81,Heading,core/components/atoms/heading,1.3.1,Visual heading text is not marked as heading,Serious,Open,Not Fixed,https://axeauditor.dequecloud.com/test-run/fb2d5e00-ae0a-11f0-8290-5faeec950510,,,,
DS-036,P2,2341162,Innovaccer - User Admin and Help Guide Web Audit,report 5.csv,93,Heading,core/components/atoms/heading,1.3.1,Visual heading text is not marked as heading,Serious,Open,Not Fixed,https://axeauditor.dequecloud.com/test-run/fb2d5e00-ae0a-11f0-8290-5faeec950510,,,,
DS-037,P2,2352169,DS audit report,report 1.csv,7,Icon,core/components/atoms/icon,2.4.6,Programmatic label does not convey purpose of control,Serious,Open,(no validation column; Issue Status=Open),https://axeauditor.dequecloud.com/test-run/45b36198-b498-11f0-a843-6f41ab87c814/issue/4168cca4-b4d9-11f0-b779-af87fbe40b3b,,,,
DS-037,P2,2356803,DS audit report,report 1.csv,10,Icon,core/components/atoms/icon,2.4.6,Programmatic label does not convey purpose of control,Serious,Open,(no validation column; Issue Status=Open),https://axeauditor.dequecloud.com/test-run/45b36198-b498-11f0-a843-6f41ab87c814/issue/a2112acc-b666-11f0-992e-07b5028d022e,,,,
DS-037,P2,2350899,DS audit report,report 1.csv,21,Icon,core/components/atoms/icon,2.4.6,Programmatic label does not convey purpose of control,Serious,Open,(no validation column; Issue Status=Open),https://axeauditor.dequecloud.com/test-run/45b36198-b498-11f0-a843-6f41ab87c814/issue/f9027608-b4a7-11f0-bb7a-8b06d72282b2,,,,
DS-038,P2,2355686,Innovaccer - User Admin and Help Guide Web Audit,report 5.csv,238,Modal / Sidesheet,"core/components/molecules/modal, core/components/molecules/sidesheet",2.4.3,Keyboard focus is not placed on opened modal,Serious,Open,Not Fixed,https://axeauditor.dequecloud.com/test-run/fb2d5e00-ae0a-11f0-8290-5faeec950510,,,,
DS-038,P2,2355689,Innovaccer - User Admin and Help Guide Web Audit,report 5.csv,240,Modal / Sidesheet,"core/components/molecules/modal, core/components/molecules/sidesheet",2.4.3,"Modal is closed, focus is not returned to trigger",Serious,Open,Not Fixed,https://axeauditor.dequecloud.com/test-run/fb2d5e00-ae0a-11f0-8290-5faeec950510,,,,
DS-038,P2,2355690,Innovaccer - User Admin and Help Guide Web Audit,report 5.csv,241,Modal / Sidesheet,"core/components/molecules/modal, core/components/molecules/sidesheet",2.4.3,Keyboard focus is not maintained in modal,Serious,Open,Not Fixed,https://axeauditor.dequecloud.com/test-run/fb2d5e00-ae0a-11f0-8290-5faeec950510,,,,
DS-039,P3,2354589,Innovaccer - User Admin and Help Guide Mobile (Tablet) Web Audit,report 4.csv,36,Button,core/components/atoms/button,2.4.6,Controls have same name but different actions,Serious,Open,Not Fixed,,,,,
DS-039,P3,2338934,Innovaccer - User Admin and Help Guide Web Audit,report 5.csv,6,Button,core/components/atoms/button,2.4.6,Controls have same name but different actions,Serious,Open,Partially Fixed,https://axeauditor.dequecloud.com/test-run/fb2d5e00-ae0a-11f0-8290-5faeec950510,,,,
DS-040,P3,2347771,Innovaccer - Incare Web Audit MDS issues found,report 3.csv,41,Button,core/components/atoms/button,1.4.11,Focus indicator lacks 3 to 1 contrast ratio,Serious,Open,(no validation column; Issue Status=Open),https://axeauditor.dequecloud.com/test-run/aa8a8272-ae0d-11f0-a2d2-5f492969aa5d/issue/7860a8b6-b3c2-11f0-b3d9-6708e3cad865,,,,
DS-040,P3,2342557,Innovaccer - Incare Web Audit MDS issues found,report 3.csv,80,Button,core/components/atoms/button,1.4.11,Focus indicator lacks 3 to 1 contrast ratio,Serious,Open,(no validation column; Issue Status=Open),https://axeauditor.dequecloud.com/test-run/aa8a8272-ae0d-11f0-a2d2-5f492969aa5d/issue/a7bb71aa-b0a1-11f0-8674-5bcf842fad68,,,,
DS-041,P3,2354402,Innovaccer - User Admin and Help Guide Web Audit,report 5.csv,210,Heading,core/components/atoms/heading,1.3.1,Heading levels are out of order,Serious,Open,Not Fixed,https://axeauditor.dequecloud.com/test-run/fb2d5e00-ae0a-11f0-8290-5faeec950510,,,,
DS-041,P3,2355333,Innovaccer - User Admin and Help Guide Web Audit,report 5.csv,228,Heading,core/components/atoms/heading,1.3.1,Heading levels are out of order,Serious,Open,Not Fixed,https://axeauditor.dequecloud.com/test-run/fb2d5e00-ae0a-11f0-8290-5faeec950510,,,,
DS-042,P3,2356802,DS audit report,report 1.csv,9,Icon,core/components/atoms/icon,2.5.3,Accessible name does not contain visible label,Serious,Open,(no validation column; Issue Status=Open),https://axeauditor.dequecloud.com/test-run/45b36198-b498-11f0-a843-6f41ab87c814/issue/9d14035a-b666-11f0-b4d4-8b70bfcdccb7,,,,
DS-042,P3,2350901,DS audit report,report 1.csv,22,Icon,core/components/atoms/icon,2.5.3,Accessible name does not contain visible label,Serious,Open,(no validation column; Issue Status=Open),https://axeauditor.dequecloud.com/test-run/45b36198-b498-11f0-a843-6f41ab87c814/issue/ffcc8ea6-b4a7-11f0-b4bd-dbb28b24a010,,,,
DS-043,P3,2345771,Innovaccer - Incare Web Audit MDS issues found,report 3.csv,10,Icon,core/components/atoms/icon,1.4.11,An icon lacks 3 to 1 contrast ratio,Serious,Open,(no validation column; Issue Status=Open),https://axeauditor.dequecloud.com/test-run/aa8a8272-ae0d-11f0-a2d2-5f492969aa5d/issue/8c26cea0-b301-11f0-8fd2-6ffd75deb2c5,,,,
DS-043,P3,2352215,Innovaccer - Incare Web Audit MDS issues found,report 3.csv,11,Icon,core/components/atoms/icon,1.4.11,Active user interface component lacks 3 to 1 contrast ratio,Serious,Open,(no validation column; Issue Status=Open),https://axeauditor.dequecloud.com/test-run/aa8a8272-ae0d-11f0-a2d2-5f492969aa5d/issue/4ee89e0c-b4e0-11f0-8f7e-ef0595daa015,,,,
DS-044,P3,2355213,Innovaccer - User Admin and Help Guide Mobile (Tablet) Web Audit,report 4.csv,102,Input,core/components/atoms/input,3.3.2,Label is not persistent,Serious,Open,Not Fixed,,,,,
DS-044,P3,2353869,Innovaccer - User Admin and Help Guide Web Audit,report 5.csv,183,Input,core/components/atoms/input,3.3.2,Visible label missing,Serious,Open,Not Fixed,https://axeauditor.dequecloud.com/test-run/fb2d5e00-ae0a-11f0-8290-5faeec950510,,,,
DS-045,P3,2342547,Innovaccer - Incare Web Audit MDS issues found,report 3.csv,79,Input,core/components/atoms/input,1.4.11,Active user interface component lacks 3 to 1 contrast ratio,Serious,Open,(no validation column; Issue Status=Open),https://axeauditor.dequecloud.com/test-run/aa8a8272-ae0d-11f0-a2d2-5f492969aa5d/issue/360a0bb6-b0a1-11f0-9bb6-23e0b43838d2,,,,
DS-045,P3,2371019,Innovaccer - Incare Web Audit MDS issues found,report 3.csv,90,Input,core/components/atoms/input,1.4.11,Active user interface component lacks 3 to 1 contrast ratio,Serious,Open,(no validation column; Issue Status=Open),https://axeauditor.dequecloud.com/test-run/9e878f64-b8a4-11f0-b13a-430b8706e058/issue/77b2999e-bebf-11f0-a397-abd48d9a902b,,,,
DS-046,P3,2354325,DS audit report,report 1.csv,13,InputWrapper,core/components/atoms/input,2.4.6,Programmatic label does not convey purpose of control,Serious,Open,(no validation column; Issue Status=Open),https://axeauditor.dequecloud.com/test-run/45b36198-b498-11f0-a843-6f41ab87c814/issue/adfeca22-b587-11f0-8c33-af1a2315589e,,,,
DS-046,P3,2355000,DS audit report,report 1.csv,14,InputWrapper,core/components/atoms/input,2.4.6,Programmatic label does not convey purpose of control,Serious,Open,(no validation column; Issue Status=Open),https://axeauditor.dequecloud.com/test-run/45b36198-b498-11f0-a843-6f41ab87c814/issue/b42da1b8-b5f8-11f0-82a4-47a77570ef89,,,,
DS-047,P3,2355001,DS audit report,report 1.csv,15,InputWrapper,core/components/atoms/input,2.5.3,Accessible name does not contain visible label,Serious,Open,(no validation column; Issue Status=Open),https://axeauditor.dequecloud.com/test-run/45b36198-b498-11f0-a843-6f41ab87c814/issue/b42f3262-b5f8-11f0-879e-ab6f4625768e,,,,
DS-047,P3,2354327,DS audit report,report 1.csv,18,InputWrapper,core/components/atoms/input,2.5.3,Accessible name does not contain visible label,Serious,Open,(no validation column; Issue Status=Open),https://axeauditor.dequecloud.com/test-run/45b36198-b498-11f0-a843-6f41ab87c814/issue/b62f4262-b587-11f0-9a17-d37ea9ed81db,,,,
DS-048,P3,2353650,Innovaccer - User Admin and Help Guide Web Audit,report 5.csv,176,Labelled controls (Input / Button / Select),"core/components/atoms/input, core/components/atoms/button, core/components/organisms/select",2.4.6,Programmatic label does not convey purpose of control,Serious,Open,Not Fixed,https://axeauditor.dequecloud.com/test-run/fb2d5e00-ae0a-11f0-8290-5faeec950510,,,,
DS-048,P3,2355669,Innovaccer - User Admin and Help Guide Web Audit,report 5.csv,236,Labelled controls (Input / Button / Select),"core/components/atoms/input, core/components/atoms/button, core/components/organisms/select",2.4.6,Programmatic label does not convey purpose of control,Serious,Open,Not Fixed,https://axeauditor.dequecloud.com/test-run/fb2d5e00-ae0a-11f0-8290-5faeec950510,,,,
DS-049,P3,2341391,Innovaccer - User Admin and Help Guide Web Audit,report 5.csv,97,Selection controls (Tabs / VerticalNav / Listbox / Chip),"core/components/molecules/tabs, core/components/organisms/verticalNav, core/components/organisms/listbox, core/components/atoms/chip",4.1.2,Selected state of the element is missing or incorrect,Serious,Open,Not Fixed,https://axeauditor.dequecloud.com/test-run/fb2d5e00-ae0a-11f0-8290-5faeec950510,,,,
DS-049,P3,2355420,Innovaccer - User Admin and Help Guide Web Audit,report 5.csv,231,Selection controls (Tabs / VerticalNav / Listbox / Chip),"core/components/molecules/tabs, core/components/organisms/verticalNav, core/components/organisms/listbox, core/components/atoms/chip",4.1.2,Selected state of the element is missing or incorrect,Serious,Open,Not Fixed,https://axeauditor.dequecloud.com/test-run/fb2d5e00-ae0a-11f0-8290-5faeec950510,,,,
DS-050,P3,2354587,Innovaccer - User Admin and Help Guide Mobile (Tablet) Web Audit,report 4.csv,34,Select,core/components/organisms/select,3.3.2,Select or dropdown control missing a visible label,Moderate,Open,Not Fixed,,,,,
DS-050,P3,2355308,Innovaccer - User Admin and Help Guide Web Audit,report 5.csv,220,Select,core/components/organisms/select,3.3.2,Select or dropdown control missing a visible label,Moderate,Open,Not Fixed,https://axeauditor.dequecloud.com/test-run/fb2d5e00-ae0a-11f0-8290-5faeec950510,,,,
DS-051,P3,2374467,Innovaccer - Incare Web Audit MDS issues found,report 3.csv,94,Button,core/components/atoms/button,2.4.6,Programmatic label does not convey purpose of control,Serious,Open,(no validation column; Issue Status=Open),https://axeauditor.dequecloud.com/test-run/9e878f64-b8a4-11f0-b13a-430b8706e058/issue/f72f3a88-c063-11f0-970b-171baf05e36b,,,,
DS-052,P3,2342218,Innovaccer - Incare Web Audit MDS issues found,report 3.csv,55,Calendar,core/components/organisms/calendar,1.4.11,State of active component lacks 3 to 1 contrast ratio,Serious,Open,(no validation column; Issue Status=Open),https://axeauditor.dequecloud.com/test-run/aa8a8272-ae0d-11f0-a2d2-5f492969aa5d/issue/e6a85ec6-b08f-11f0-ad84-db2b291369d2,,,,
DS-053,P3,2342288,Innovaccer - Incare Web Audit MDS issues found,report 3.csv,56,Calendar,core/components/organisms/calendar,1.4.4,Content is lost at 200% zoom,Serious,Open,(no validation column; Issue Status=Open),https://axeauditor.dequecloud.com/test-run/aa8a8272-ae0d-11f0-a2d2-5f492969aa5d/issue/2a4d8dba-b093-11f0-bf1a-0b5dfd65e41c,,,,
DS-054,P3,2342682,Innovaccer - Incare Web Audit MDS issues found,report 3.csv,33,Chip,core/components/atoms/chip,4.1.2,Selected state of the element is missing or incorrect,Serious,Open,(no validation column; Issue Status=Open),https://axeauditor.dequecloud.com/test-run/aa8a8272-ae0d-11f0-a2d2-5f492969aa5d/issue/36d85e5e-b0aa-11f0-be00-dff4403ee0a0,,,,
DS-055,P3,2340910,Innovaccer - User Admin and Help Guide Web Audit,report 5.csv,85,Chip / Grid (nested interactive),"core/components/atoms/chip, core/components/organisms/grid",4.1.2,Interactive controls must not be nested,Serious,Open,Not Fixed,https://axeauditor.dequecloud.com/test-run/fb2d5e00-ae0a-11f0-8290-5faeec950510,,,,
DS-056,P3,2352499,Innovaccer - Incare Web Audit MDS issues found,report 3.csv,21,Dropdown,core/components/atoms/dropdown,1.4.3,Elements must meet minimum color contrast ratio thresholds,Serious,Open,(no validation column; Issue Status=Open),https://axeauditor.dequecloud.com/test-run/aa8a8272-ae0d-11f0-a2d2-5f492969aa5d/issue/837eebfb-29ac-4ada-9518-d87bb5017bcf,,,,
DS-057,P3,2356036,Innovaccer - Incare Web Audit MDS issues found,report 3.csv,25,Dropdown,core/components/atoms/dropdown,4.1.3,Status message not automatically announced,Serious,Open,(no validation column; Issue Status=Open),https://axeauditor.dequecloud.com/test-run/aa8a8272-ae0d-11f0-a2d2-5f492969aa5d/issue/afaffae6-b657-11f0-a746-7bcf6775ac61,,,,
DS-058,P3,2356956,Innovaccer - Incare Web Audit MDS issues found,report 3.csv,46,Dropdown,core/components/atoms/dropdown,2.5.3,Accessible name does not contain visible label,Serious,Open,(no validation column; Issue Status=Open),https://axeauditor.dequecloud.com/test-run/aa8a8272-ae0d-11f0-a2d2-5f492969aa5d/issue/9ef872bc-b6d1-11f0-bee4-3b2966469546,,,,
DS-059,P3,2374365,Innovaccer - Incare Web Audit MDS issues found,report 3.csv,93,Dropdown,core/components/atoms/dropdown,1.4.11,State of active component lacks 3 to 1 contrast ratio,Serious,Open,(no validation column; Issue Status=Open),https://axeauditor.dequecloud.com/test-run/9e878f64-b8a4-11f0-b13a-430b8706e058/issue/f59135ae-c05a-11f0-8a98-6725c2aabfaa,,,,
DS-060,P3,2711412,Innovaccer - DAP and Analytics Web Audit - Retest,report 2.csv,3,Grid,core/components/organisms/grid,2.5.8,"All touch targets must be 24px large, or leave sufficient space",Serious,Open,(no validation column; Issue Status=Open),https://axeauditor.dequecloud.com/test-run/878fe7e8-63d0-11f1-8176-0f09a18241fa/issue/26c7ba8b-0932-4c36-83af-af95b67b57b5,,,,
DS-061,P3,2352502,Innovaccer - Incare Web Audit MDS issues found,report 3.csv,24,Grid,core/components/organisms/grid,2.1.1,Scrollable region must have keyboard access,Serious,Open,(no validation column; Issue Status=Open),https://axeauditor.dequecloud.com/test-run/aa8a8272-ae0d-11f0-a2d2-5f492969aa5d/issue/adfabab7-ff84-4e4f-bc84-4b4d3bfea18e,,,,
DS-062,P3,2371082,Innovaccer - Incare Web Audit MDS issues found,report 3.csv,88,Grid,core/components/organisms/grid,4.1.2,Button does not have a role,Serious,Open,(no validation column; Issue Status=Open),https://axeauditor.dequecloud.com/test-run/9e878f64-b8a4-11f0-b13a-430b8706e058/issue/b30cad80-bec0-11f0-88fc-5f8e724f62a5,,,,
DS-063,P3,2345533,Innovaccer - Incare Web Audit MDS issues found,report 3.csv,59,Icon,core/components/atoms/icon,2.4.6,Controls have same name but different actions,Serious,Open,(no validation column; Issue Status=Open),https://axeauditor.dequecloud.com/test-run/aa8a8272-ae0d-11f0-a2d2-5f492969aa5d/issue/22aa5056-b2f6-11f0-8c3a-4fb1e3887bab,,,,
DS-064,P3,2355220,Innovaccer - User Admin and Help Guide Mobile (Tablet) Web Audit,report 4.csv,104,Input,core/components/atoms/input,1.3.5,Identify input purpose missing,Serious,Open,Not Fixed,,,,,
DS-065,P3,2351366,DS audit report,report 1.csv,11,Label,core/components/atoms/label,2.4.6,Programmatic label does not convey purpose of control,Serious,Open,(no validation column; Issue Status=Open),https://axeauditor.dequecloud.com/test-run/45b36198-b498-11f0-a843-6f41ab87c814/issue/a6239db2-b4c1-11f0-b1b2-2fdf28617c6c,,,,
DS-066,P3,2351367,DS audit report,report 1.csv,12,Label,core/components/atoms/label,2.5.3,Accessible name does not contain visible label,Serious,Open,(no validation column; Issue Status=Open),https://axeauditor.dequecloud.com/test-run/45b36198-b498-11f0-a843-6f41ab87c814/issue/acd43acc-b4c1-11f0-9750-87c95ffa0d7f,,,,
DS-067,P3,2355862,DS audit report,report 1.csv,17,Label,core/components/atoms/label,2.4.3,Keyboard focus is lost or misplaced due to user interaction or content update,Serious,Open,(no validation column; Issue Status=Open),https://axeauditor.dequecloud.com/test-run/45b36198-b498-11f0-a843-6f41ab87c814/issue/b618a748-b64d-11f0-bc5a-5b46cc33d962,,,,
DS-068,P3,2342435,Innovaccer - Incare Web Audit MDS issues found,report 3.csv,35,Link,core/components/atoms/link,1.4.1,Link contrast is not at least 3:1 with surrounding text,Serious,Open,(no validation column; Issue Status=Open),https://axeauditor.dequecloud.com/test-run/aa8a8272-ae0d-11f0-a2d2-5f492969aa5d/issue/b42a3a5c-b09c-11f0-ac65-cfe8d5ae474b,,,,
DS-069,P3,2340406,Innovaccer - User Admin and Help Guide Web Audit,report 5.csv,76,Link,core/components/atoms/link,4.1.2,Link does not have a role,Serious,Open,Not Fixed,https://axeauditor.dequecloud.com/test-run/fb2d5e00-ae0a-11f0-8290-5faeec950510,,,,
DS-070,P3,2355692,Innovaccer - User Admin and Help Guide Web Audit,report 5.csv,242,Modal / Sidesheet,"core/components/molecules/modal, core/components/molecules/sidesheet",1.3.2,Able to browse outside modal with screen reader,Serious,Open,Not Fixed,https://axeauditor.dequecloud.com/test-run/fb2d5e00-ae0a-11f0-8290-5faeec950510,,,,
DS-071,P3,2346006,Innovaccer - Incare Web Audit MDS issues found,report 3.csv,60,PageHeader,core/components/organisms/pageHeader,1.4.12,Text spacing content cut off,Serious,Open,(no validation column; Issue Status=Open),https://axeauditor.dequecloud.com/test-run/aa8a8272-ae0d-11f0-a2d2-5f492969aa5d/issue/01f86452-b309-11f0-835d-3fa4a4e44946,,,,
DS-072,P3,2422812,Innovaccer - Incare Web Audit MDS issues found,report 3.csv,48,PlaceholderParagraph,core/components/atoms/placeholderParagraph,1.4.11,Graphical object lacks 3 to 1 contrast ratio,Serious,Open,(no validation column; Issue Status=Open),https://axeauditor.dequecloud.com/test-run/aa8a8272-ae0d-11f0-a2d2-5f492969aa5d/issue/d2879190-d719-11f0-9fe2-9be958675f4a,,,,
DS-073,P3,2356033,Innovaccer - Incare Web Audit MDS issues found,report 3.csv,23,Popover,core/components/molecules/popover,1.4.11,Focus indicator lacks 3 to 1 contrast ratio,Serious,Open,(no validation column; Issue Status=Open),https://axeauditor.dequecloud.com/test-run/aa8a8272-ae0d-11f0-a2d2-5f492969aa5d/issue/a9cac43a-b657-11f0-bbeb-cfccd33a9607,,,,
DS-074,P3,2343949,Innovaccer - Incare Web Audit MDS issues found,report 3.csv,30,Popover,core/components/molecules/popover,1.4.3,Text content lacks 4.5:1 contrast ratio,Serious,Open,(no validation column; Issue Status=Open),https://axeauditor.dequecloud.com/test-run/aa8a8272-ae0d-11f0-a2d2-5f492969aa5d/issue/12a4941c-b0d7-11f0-a5a6-8b3bc079b7f0,,,,
DS-075,P3,2340918,Innovaccer - Incare Web Audit MDS issues found,report 3.csv,64,RichTextEditor,core/components/atoms/editable,1.3.1,Visual list is not marked up as list,Serious,Open,(no validation column; Issue Status=Open),https://axeauditor.dequecloud.com/test-run/aa8a8272-ae0d-11f0-a2d2-5f492969aa5d/issue/1d995990-afe5-11f0-ad7a-3b33025e1ba9,,,,
DS-076,P3,2340919,Innovaccer - Incare Web Audit MDS issues found,report 3.csv,65,RichTextEditor,core/components/atoms/editable,4.1.2,Button pressed state is not conveyed,Serious,Open,(no validation column; Issue Status=Open),https://axeauditor.dequecloud.com/test-run/aa8a8272-ae0d-11f0-a2d2-5f492969aa5d/issue/2fb0c550-afe5-11f0-a396-c35612da221e,,,,
DS-077,P3,2350797,Innovaccer - Incare Web Audit MDS issues found,report 3.csv,66,RichTextEditor,core/components/atoms/editable,2.4.6,Controls have same name but different actions,Serious,Open,(no validation column; Issue Status=Open),https://axeauditor.dequecloud.com/test-run/aa8a8272-ae0d-11f0-a2d2-5f492969aa5d/issue/ab7db0e4-b49f-11f0-8923-cb5e0019b8a8,,,,
DS-078,P3,2412009,Innovaccer - Incare Web Audit MDS issues found,report 3.csv,67,RichTextEditor,core/components/atoms/editable,2.4.6,Programmatic label does not convey purpose of control,Serious,Open,(no validation column; Issue Status=Open),https://axeauditor.dequecloud.com/test-run/aa8a8272-ae0d-11f0-a2d2-5f492969aa5d/issue/9748bd9a-d37a-11f0-9bf5-e3e8a159a633,,,,
DS-079,P3,2413964,Innovaccer - Incare Web Audit MDS issues found,report 3.csv,68,RichTextEditor,core/components/atoms/editable,4.1.2,Selected state of the element is missing or incorrect,Serious,Open,(no validation column; Issue Status=Open),https://axeauditor.dequecloud.com/test-run/aa8a8272-ae0d-11f0-a2d2-5f492969aa5d/issue/d5d6de78-d43a-11f0-9169-4ba84c19e1eb,,,,
DS-080,P3,2412007,Innovaccer - Incare Web Audit MDS issues found,report 3.csv,71,RichTextEditor,core/components/atoms/editable,4.1.2,Expand/collapse state of the element is missing or incorrect,Serious,Open,(no validation column; Issue Status=Open),https://axeauditor.dequecloud.com/test-run/aa8a8272-ae0d-11f0-a2d2-5f492969aa5d/issue/7b3a9fec-d37a-11f0-afa7-f7e9eb38f67f,,,,
DS-081,P3,2355860,Innovaccer - Incare Web Audit MDS issues found,report 3.csv,77,RichTextEditor,core/components/atoms/editable,1.4.13,Additional content not dismissible,Serious,Open,(no validation column; Issue Status=Open),https://axeauditor.dequecloud.com/test-run/aa8a8272-ae0d-11f0-a2d2-5f492969aa5d/issue/e1b4ec6e-b64c-11f0-b876-a74ab35fe6cb,,,,
DS-082,P3,2354461,DS audit report,report 1.csv,2,Select,core/components/organisms/select,2.4.6,Programmatic label does not convey purpose of control,Serious,Open,(no validation column; Issue Status=Open),https://axeauditor.dequecloud.com/test-run/45b36198-b498-11f0-a843-6f41ab87c814/issue/2b3d9abe-b591-11f0-8276-f32d3064b70f,,,,
DS-083,P3,2354462,DS audit report,report 1.csv,4,Select,core/components/organisms/select,2.5.3,Accessible name does not contain visible label,Serious,Open,(no validation column; Issue Status=Open),https://axeauditor.dequecloud.com/test-run/45b36198-b498-11f0-a843-6f41ab87c814/issue/32415418-b591-11f0-9f7a-1f4ec4dfb2b5,,,,
DS-084,P3,2356809,DS audit report,report 1.csv,8,Select,core/components/organisms/select,2.4.6,Controls have same name but different actions,Serious,Open,(no validation column; Issue Status=Open),https://axeauditor.dequecloud.com/test-run/45b36198-b498-11f0-a843-6f41ab87c814/issue/5a878d94-b667-11f0-abf2-c3fc1a4fa914,,,,
DS-085,P3,2352501,Innovaccer - Incare Web Audit MDS issues found,report 3.csv,26,Select,core/components/organisms/select,1.4.3,Elements must meet minimum color contrast ratio thresholds,Serious,Open,(no validation column; Issue Status=Open),https://axeauditor.dequecloud.com/test-run/aa8a8272-ae0d-11f0-a2d2-5f492969aa5d/issue/c4e2bcdf-1d45-4e84-bad9-53effe50de24,,,,
DS-086,P3,2356880,DS audit report,report 1.csv,5,Textarea,core/components/atoms/textarea,1.4.11,Active user interface component lacks 3 to 1 contrast ratio,Serious,Open,(no validation column; Issue Status=Open),https://axeauditor.dequecloud.com/test-run/45b36198-b498-11f0-a843-6f41ab87c814/issue/340d01aa-b679-11f0-b486-cb9a10eeac70,,,,
DS-087,P3,2419192,Innovaccer - Incare Web Audit MDS issues found,report 3.csv,38,VerticalNav,core/components/organisms/verticalNav,4.1.2,Selected state of the element is missing or incorrect,Serious,Open,(no validation column; Issue Status=Open),https://axeauditor.dequecloud.com/test-run/aa8a8272-ae0d-11f0-a2d2-5f492969aa5d/issue/2e991236-d5b9-11f0-a160-571dbe3de744,,,,
DS-088,P3,2341694,Innovaccer - User Admin and Help Guide Web Audit,report 5.csv,104,Breadcrumbs,core/components/atoms/breadcrumbs,4.1.2,Breadcrumb region is missing appropriate roles and/or attributes,Moderate,Open,Not Fixed,https://axeauditor.dequecloud.com/test-run/fb2d5e00-ae0a-11f0-8290-5faeec950510,,,,
DS-089,P3,2341689,Innovaccer - User Admin and Help Guide Web Audit,report 5.csv,103,Button / Link,"core/components/atoms/button, core/components/atoms/link",4.1.2,Anchor or button nested inside other anchor or button,Moderate,Open,Not Fixed,https://axeauditor.dequecloud.com/test-run/fb2d5e00-ae0a-11f0-8290-5faeec950510,,,,
DS-090,P3,2344221,Innovaccer - Incare Web Audit MDS issues found,report 3.csv,9,HorizontalNav,core/components/organisms/horizontalNav,1.4.3,Control text lacks 4.5:1 contrast ratio on hover or focus,Moderate,Open,(no validation column; Issue Status=Open),https://axeauditor.dequecloud.com/test-run/aa8a8272-ae0d-11f0-a2d2-5f492969aa5d/issue/72b1eb86-b0da-11f0-82da-0b4ae7f985b7,,,,
DS-091,P3,2355683,Innovaccer - User Admin and Help Guide Web Audit,report 5.csv,237,Modal / Sidesheet,"core/components/molecules/modal, core/components/molecules/sidesheet",4.1.2,Dialog / Alert Dialog: Dialog is missing appropriate role and/or attributes,Moderate,Open,Not Fixed,https://axeauditor.dequecloud.com/test-run/fb2d5e00-ae0a-11f0-8290-5faeec950510,,,,
DS-092,P3,2350159,Innovaccer - Incare Web Audit MDS issues found,report 3.csv,49,Popover,core/components/molecules/popover,2.4.6,Programmatic label does not convey purpose of control,Moderate,Open,(no validation column; Issue Status=Open),https://axeauditor.dequecloud.com/test-run/aa8a8272-ae0d-11f0-a2d2-5f492969aa5d/issue/703c6c7c-b487-11f0-ac90-8ffc4a45cc7b,,,,
DS-093,P3,2412016,Innovaccer - Incare Web Audit MDS issues found,report 3.csv,70,RichTextEditor,core/components/atoms/editable,1.3.2,Screen reader focus does not move to intended target,Moderate,Open,(no validation column; Issue Status=Open),https://axeauditor.dequecloud.com/test-run/aa8a8272-ae0d-11f0-a2d2-5f492969aa5d/issue/7936ea60-d37b-11f0-9032-4741322386a8,,,,
DS-094,P3,2349650,Innovaccer - User Admin and Help Guide Web Audit,report 5.csv,155,Tabs,core/components/molecules/tabs,4.1.2,Tab widget is missing appropriate roles and/or attributes,Moderate,Open,Not Fixed,https://axeauditor.dequecloud.com/test-run/fb2d5e00-ae0a-11f0-8290-5faeec950510,,,,
DS-095,P3,2344795,Innovaccer - Incare Web Audit MDS issues found,report 3.csv,40,VerticalNav,core/components/organisms/verticalNav,1.3.1,Group of navigation links missing semantics,Moderate,Open,(no validation column; Issue Status=Open),https://axeauditor.dequecloud.com/test-run/aa8a8272-ae0d-11f0-a2d2-5f492969aa5d/issue/89be1052-b233-11f0-838c-ef2ba1220438,,,,
