,WCAG Issues — 113 Issues,,,,,,,,,,,
,Total: 113   |   ✅ Fixed: 104   |   ⏳ Pending (Helpjuice): 9,,,,,,,,,,,
Deque Status,Issue ID,Status,Summary,Impact,WCAG Checkpoint,Standards,URL,Rule ID,Issue Status,Test Unit,Innovaccer Comment,Deque Validation Status
Fixed,2353786,Fixed,"<ul> and <ol> must only directly contain <li>, <script> or <template> elements",Serious,1.3 Adaptable,"508-2017-wcag21, 508-2017-wcag2, wcag2a, wcag2aa, wcag21a, wcag21aa",https://demo.innovaccer.com/admin/overview,list,Open,Header,,Fixed
Fixed,2353787,Fixed,"<ul> and <ol> must only directly contain <li>, <script> or <template> elements",Serious,1.3 Adaptable,"508-2017-wcag21, 508-2017-wcag2, wcag2a, wcag2aa, wcag21a, wcag21aa",https://demo.innovaccer.com/admin/overview,list,Open,Header,,Fixed
Fixed,2353788,Fixed,<li> elements must be contained in a <ul> or <ol>,Serious,1.3 Adaptable,"508-2017-wcag21, 508-2017-wcag2, wcag2a, wcag2aa, wcag21a, wcag21aa",https://demo.innovaccer.com/admin/overview,listitem,Open,Header,,Fixed
Fixed,2353789,Fixed,<li> elements must be contained in a <ul> or <ol>,Serious,1.3 Adaptable,"508-2017-wcag21, 508-2017-wcag2, wcag2a, wcag2aa, wcag21a, wcag21aa",https://demo.innovaccer.com/admin/overview,listitem,Open,Header,,Fixed
Fixed,2353790,Fixed,<li> elements must be contained in a <ul> or <ol>,Serious,1.3 Adaptable,"508-2017-wcag21, 508-2017-wcag2, wcag2a, wcag2aa, wcag21a, wcag21aa",https://demo.innovaccer.com/admin/overview,listitem,Open,Header,,Fixed
Fixed,2353791,Fixed,<li> elements must be contained in a <ul> or <ol>,Serious,1.3 Adaptable,"508-2017-wcag21, 508-2017-wcag2, wcag2a, wcag2aa, wcag21a, wcag21aa",https://demo.innovaccer.com/admin/overview,listitem,Open,Header,,Fixed
Fixed,2353792,Fixed,<li> elements must be contained in a <ul> or <ol>,Serious,1.3 Adaptable,"508-2017-wcag21, 508-2017-wcag2, wcag2a, wcag2aa, wcag21a, wcag21aa",https://demo.innovaccer.com/admin/overview,listitem,Open,Header,,Fixed
Not Fixed,2354336,Fixed,Action cannot be performed with a screen reader turned on,Critical,2.1 Keyboard Accessible,"508-2017-wcag21, 508-2017-wcag2, wcag2a, wcag2aa, wcag21a, wcag21aa",https://demo.innovaccer.com/admin/overview,keyboard-not-touch-accessible,Open,Header,Design,Not Fixed
Not Fixed,2354337,Fixed,Button: Button is missing both a role and a name,Critical,4.1 Compatible,"508-2017-wcag21, 508-2017-wcag2, wcag2a, wcag2aa, wcag21a, wcag21aa",https://demo.innovaccer.com/admin/overview,button-role-name-missing,Open,Header,Design,Not Fixed
Not Fixed,2354339,Fixed,Button: Button does not have a role,Serious,4.1 Compatible,"508-2017-wcag21, 508-2017-wcag2, wcag2a, wcag2aa, wcag21a, wcag21aa",https://demo.innovaccer.com/admin/overview,button-missing-role,Open,Header,Design,Not Fixed
Not Fixed,2354342,Fixed,State: Expand/collapse state of the element is missing or incorrect,Serious,4.1 Compatible,"508-2017-wcag21, 508-2017-wcag2, wcag2a, wcag2aa, wcag21a, wcag21aa",https://demo.innovaccer.com/admin/overview,state-aria-expanded-missing-incorrect,Open,Header,Design,Not Fixed
Not Fixed,2354343,Fixed,Button: Button does not have a role,Serious,4.1 Compatible,"508-2017-wcag21, 508-2017-wcag2, wcag2a, wcag2aa, wcag21a, wcag21aa",https://demo.innovaccer.com/admin/overview,button-missing-role,Open,Header,Design,Not Fixed
Not Fixed,2354346,Fixed,Text alternative for the informative image is missing,Critical,1.1 Text Alternatives,"508-2017-wcag21, 508-2017-wcag2, wcag2a, wcag2aa, wcag21a, wcag21aa",https://demo.innovaccer.com/admin/overview,alt-text-missing,Open,Header,Design,Not Fixed
Not Fixed,2354350,Fixed,State: Expand/collapse state of the element is missing or incorrect,Serious,4.1 Compatible,"508-2017-wcag21, 508-2017-wcag2, wcag2a, wcag2aa, wcag21a, wcag21aa",https://demo.innovaccer.com/admin/overview,state-aria-expanded-missing-incorrect,Open,Header,Design,Not Fixed
Not Fixed,2354351,Fixed,Action cannot be performed with a screen reader turned on,Critical,2.1 Keyboard Accessible,"508-2017-wcag21, 508-2017-wcag2, wcag2a, wcag2aa, wcag21a, wcag21aa",https://demo.innovaccer.com/admin/overview,keyboard-not-touch-accessible,Open,Header,Design,Not Fixed
Not Fixed,2354491,Fixed,ARIA commands must have an accessible name,Serious,4.1 Compatible,"508-2017-wcag21, 508-2017-wcag2, wcag2a, wcag2aa, wcag21a, wcag21aa",https://demo.innovaccer.com/admin/overview,aria-command-name,Open,Admin Overview,Fixed,Not Fixed
Not Fixed,2354492,Fixed,Required ARIA attributes must be provided,Critical,4.1 Compatible,"508-2017-wcag21, 508-2017-wcag2, wcag2a, wcag2aa, wcag21a, wcag21aa",https://demo.innovaccer.com/admin/overview,aria-required-attr,Open,Admin Overview,Fixed,Not Fixed
Not Fixed,2354493,Fixed,Required ARIA attributes must be provided,Critical,4.1 Compatible,"508-2017-wcag21, 508-2017-wcag2, wcag2a, wcag2aa, wcag21a, wcag21aa",https://demo.innovaccer.com/admin/overview,aria-required-attr,Open,Admin Overview,Fixed,Not Fixed
Not Fixed,2354494,Fixed,Required ARIA attributes must be provided,Critical,4.1 Compatible,"508-2017-wcag21, 508-2017-wcag2, wcag2a, wcag2aa, wcag21a, wcag21aa",https://demo.innovaccer.com/admin/overview,aria-required-attr,Open,Admin Overview,Fixed,Not Fixed
Not Fixed,2354495,Fixed,Required ARIA attributes must be provided,Critical,4.1 Compatible,"508-2017-wcag21, 508-2017-wcag2, wcag2a, wcag2aa, wcag21a, wcag21aa",https://demo.innovaccer.com/admin/overview,aria-required-attr,Open,Admin Overview,Fixed,Not Fixed
Fixed,2354496,Fixed,Form elements must have labels,Critical,4.1 Compatible,"508-2017-wcag21, 508-2017-wcag2, wcag2a, wcag2aa, wcag21a, wcag21aa",https://demo.innovaccer.com/admin/overview,label,Open,Admin Overview,,Fixed
Fixed,2354577,Fixed,Text should not be marked as a heading,Serious,1.3 Adaptable,"508-2017-wcag21, 508-2017-wcag2, wcag2a, wcag2aa, wcag21a, wcag21aa",https://demo.innovaccer.com/admin/overview,semantic-heading-misused,Open,Admin Overview,,Fixed
Not Fixed,2354578,Fixed,Visual heading text is not marked as heading,Serious,1.3 Adaptable,"508-2017-wcag21, 508-2017-wcag2, wcag2a, wcag2aa, wcag21a, wcag21aa",https://demo.innovaccer.com/admin/overview,semantic-heading,Open,Admin Overview,Deque,Not Fixed
Fixed,2354580,Fixed,Programmatic label does not convey purpose of control,Serious,2.4 Navigable,"508-2017-wcag21, 508-2017-wcag2, wcag2a, wcag2aa, wcag21a, wcag21aa",https://demo.innovaccer.com/admin/overview,label-programmatic-not-descriptive,Open,Admin Overview,,Fixed
Fixed,2354581,Fixed,State: Expand/collapse state of the element is missing or incorrect,Serious,4.1 Compatible,"508-2017-wcag21, 508-2017-wcag2, wcag2a, wcag2aa, wcag21a, wcag21aa",https://demo.innovaccer.com/admin/overview,state-aria-expanded-missing-incorrect,Open,Admin Overview,,Fixed
Not Fixed,2354582,Fixed,Role: The element's role is missing or incorrect,Critical,4.1 Compatible,"508-2017-wcag21, 508-2017-wcag2, wcag2a, wcag2aa, wcag21a, wcag21aa",https://demo.innovaccer.com/admin/overview,aria-role-missing,Open,Admin Overview,Fixed,Not Fixed
Fixed,2354583,Fixed,The decorative image is not hidden from screen readers,Moderate,1.1 Text Alternatives,"508-2017-wcag21, 508-2017-wcag2, wcag2a, wcag2aa, wcag21a, wcag21aa",https://demo.innovaccer.com/admin/overview,alt-text-decorative-inappropriate,Open,Admin Overview,,Fixed
Fixed,2354584,Fixed,Role: The element's role is missing or incorrect,Critical,4.1 Compatible,"508-2017-wcag21, 508-2017-wcag2, wcag2a, wcag2aa, wcag21a, wcag21aa",https://demo.innovaccer.com/admin/overview,aria-role-missing,Open,Admin Overview,,Fixed
Fixed,2354585,Fixed,Text content lacks 4.5:1 contrast ratio,Serious,1.4 Distinguishable,"508-2017-wcag21, 508-2017-wcag2, wcag2a, wcag2aa, wcag21a, wcag21aa",https://demo.innovaccer.com/admin/overview,contrast-text-4.5-1,Open,Admin Overview,,Fixed
Not Fixed,2354586,Fixed,Visual list is not marked up as list,Serious,1.3 Adaptable,"508-2017-wcag21, 508-2017-wcag2, wcag2a, wcag2aa, wcag21a, wcag21aa",https://demo.innovaccer.com/admin/overview,semantic-list,Open,Admin Overview,Needs Fix,Not Fixed
Not Fixed,2354587,Fixed,Select or dropdown control missing a visible label,Moderate,3.3 Input Assistance,"508-2017-wcag21, 508-2017-wcag2, wcag2a, wcag2aa, wcag21a, wcag21aa",https://demo.innovaccer.com/admin/overview,label-is-missing-select,Open,Admin Overview,Design,Not Fixed
Fixed,2354588,Fixed,State: Expand/collapse state of the element is missing or incorrect,Serious,4.1 Compatible,"508-2017-wcag21, 508-2017-wcag2, wcag2a, wcag2aa, wcag21a, wcag21aa",https://demo.innovaccer.com/admin/overview,state-aria-expanded-missing-incorrect,Open,Admin Overview,,Fixed
Not Fixed,2354589,Fixed,Controls have same name but different actions,Serious,2.4 Navigable,"508-2017-wcag21, 508-2017-wcag2, wcag2a, wcag2aa, wcag21a, wcag21aa",https://demo.innovaccer.com/admin/overview,buttons-confusing,Open,Admin Overview,Fixed,Not Fixed
Fixed,2354590,Fixed,Controls have same name but different actions,Serious,2.4 Navigable,"508-2017-wcag21, 508-2017-wcag2, wcag2a, wcag2aa, wcag21a, wcag21aa",https://demo.innovaccer.com/admin/overview,buttons-confusing,Open,Admin Overview,,Fixed
Fixed,2354592,Fixed,Correct reading order of dynamic content not determinable,Serious,1.3 Adaptable,"508-2017-wcag21, 508-2017-wcag2, wcag2a, wcag2aa, wcag21a, wcag21aa",https://demo.innovaccer.com/admin/overview,new-content-bad-location,Open,Admin Overview,,Fixed
Fixed,2354593,Fixed,Select: Custom select does not have a role and/or state,Critical,4.1 Compatible,"508-2017-wcag21, 508-2017-wcag2, wcag2a, wcag2aa, wcag21a, wcag21aa",https://demo.innovaccer.com/admin/overview,select-missing-role-state,Open,Admin Overview,,Fixed
Not Fixed,2354594,Fixed,Correct reading order of dynamic content not determinable,Serious,1.3 Adaptable,"508-2017-wcag21, 508-2017-wcag2, wcag2a, wcag2aa, wcag21a, wcag21aa",https://demo.innovaccer.com/admin/overview,new-content-bad-location,Open,Admin Overview,Fixed,Not Fixed
Fixed,2354595,Fixed,Controls have same name but different actions,Serious,2.4 Navigable,"508-2017-wcag21, 508-2017-wcag2, wcag2a, wcag2aa, wcag21a, wcag21aa",https://demo.innovaccer.com/admin/overview,buttons-confusing,Open,Admin Overview,,Fixed
Fixed,2354596,Fixed,State of active component lacks 3 to 1 contrast ratio,Serious,1.4 Distinguishable,"508-2017-wcag21, 508-2017-wcag2, wcag2a, wcag2aa, wcag21a, wcag21aa",https://demo.innovaccer.com/admin/overview,contrast-uic-active-3-1-state,Open,Admin Overview,,Fixed
Not Fixed,2354597,Fixed,State: Expand/collapse state of the element is missing or incorrect,Serious,4.1 Compatible,"508-2017-wcag21, 508-2017-wcag2, wcag2a, wcag2aa, wcag21a, wcag21aa",https://demo.innovaccer.com/admin/overview,state-aria-expanded-missing-incorrect,Open,Admin Overview,Deque,Not Fixed
Fixed,2354598,Fixed,Correct reading order of dynamic content not determinable,Serious,1.3 Adaptable,"508-2017-wcag21, 508-2017-wcag2, wcag2a, wcag2aa, wcag21a, wcag21aa",https://demo.innovaccer.com/admin/overview,new-content-bad-location,Open,Admin Overview,,Fixed
Not Fixed,2354601,Fixed,The decorative image is not hidden from screen readers,Moderate,1.1 Text Alternatives,"508-2017-wcag21, 508-2017-wcag2, wcag2a, wcag2aa, wcag21a, wcag21aa",https://demo.innovaccer.com/admin/overview,alt-text-decorative-inappropriate,Open,Admin Overview,Needs Fix,Not Fixed
Fixed,2354603,Fixed,Role: The element's role is missing or incorrect,Critical,4.1 Compatible,"508-2017-wcag21, 508-2017-wcag2, wcag2a, wcag2aa, wcag21a, wcag21aa",https://demo.innovaccer.com/admin/overview,aria-role-missing,Open,Admin Overview,,Fixed
Fixed,2354604,Fixed,Button: Button does not have a role,Serious,4.1 Compatible,"508-2017-wcag21, 508-2017-wcag2, wcag2a, wcag2aa, wcag21a, wcag21aa",https://demo.innovaccer.com/admin/overview,button-missing-role,Open,Admin Overview,,Fixed
Not Fixed,2354643,Fixed,ARIA commands must have an accessible name,Serious,4.1 Compatible,"508-2017-wcag21, 508-2017-wcag2, wcag2a, wcag2aa, wcag21a, wcag21aa",https://demo.innovaccer.com/helpcenter/,aria-command-name,Open,Help Center,,Help Center
Not Fixed,2354644,Fixed,Elements must meet minimum color contrast ratio thresholds,Serious,1.4 Distinguishable,"508-2017-wcag21, 508-2017-wcag2, wcag2a, wcag2aa, wcag21a, wcag21aa",https://demo.innovaccer.com/helpcenter/,color-contrast,Open,Help Center,,Help Center
Not Fixed,2354645,Fixed,Elements must meet minimum color contrast ratio thresholds,Serious,1.4 Distinguishable,"508-2017-wcag21, 508-2017-wcag2, wcag2a, wcag2aa, wcag21a, wcag21aa",https://demo.innovaccer.com/helpcenter/,color-contrast,Open,Help Center,,Help Center
Not Fixed,2354646,Fixed,Elements must meet minimum color contrast ratio thresholds,Serious,1.4 Distinguishable,"508-2017-wcag21, 508-2017-wcag2, wcag2a, wcag2aa, wcag21a, wcag21aa",https://demo.innovaccer.com/helpcenter/,color-contrast,Open,Help Center,,Help Center
Not Fixed,2354647,Fixed,Elements must meet minimum color contrast ratio thresholds,Serious,1.4 Distinguishable,"508-2017-wcag21, 508-2017-wcag2, wcag2a, wcag2aa, wcag21a, wcag21aa",https://demo.innovaccer.com/helpcenter/,color-contrast,Open,Help Center,,Help Center
Not Fixed,2354648,Fixed,Elements must meet minimum color contrast ratio thresholds,Serious,1.4 Distinguishable,"508-2017-wcag21, 508-2017-wcag2, wcag2a, wcag2aa, wcag21a, wcag21aa",https://demo.innovaccer.com/helpcenter/,color-contrast,Open,Help Center,,Help Center
Not Fixed,2354649,Fixed,Elements must meet minimum color contrast ratio thresholds,Serious,1.4 Distinguishable,"508-2017-wcag21, 508-2017-wcag2, wcag2a, wcag2aa, wcag21a, wcag21aa",https://demo.innovaccer.com/helpcenter/,color-contrast,Open,Help Center,,Help Center
Not Fixed,2354650,Fixed,Elements must meet minimum color contrast ratio thresholds,Serious,1.4 Distinguishable,"508-2017-wcag21, 508-2017-wcag2, wcag2a, wcag2aa, wcag21a, wcag21aa",https://demo.innovaccer.com/helpcenter/,color-contrast,Open,Help Center,,Help Center
Not Fixed,2354651,Fixed,Elements must meet minimum color contrast ratio thresholds,Serious,1.4 Distinguishable,"508-2017-wcag21, 508-2017-wcag2, wcag2a, wcag2aa, wcag21a, wcag21aa",https://demo.innovaccer.com/helpcenter/,color-contrast,Open,Help Center,,Help Center
Not Fixed,2354652,Fixed,Elements must meet minimum color contrast ratio thresholds,Serious,1.4 Distinguishable,"508-2017-wcag21, 508-2017-wcag2, wcag2a, wcag2aa, wcag21a, wcag21aa",https://demo.innovaccer.com/helpcenter/,color-contrast,Open,Help Center,,Help Center
Not Fixed,2354653,Fixed,Elements must meet minimum color contrast ratio thresholds,Serious,1.4 Distinguishable,"508-2017-wcag21, 508-2017-wcag2, wcag2a, wcag2aa, wcag21a, wcag21aa",https://demo.innovaccer.com/helpcenter/,color-contrast,Open,Help Center,,Help Center
Not Fixed,2354654,Fixed,Elements must meet minimum color contrast ratio thresholds,Serious,1.4 Distinguishable,"508-2017-wcag21, 508-2017-wcag2, wcag2a, wcag2aa, wcag21a, wcag21aa",https://demo.innovaccer.com/helpcenter/,color-contrast,Open,Help Center,,Help Center
Not Fixed,2354655,Fixed,Elements must meet minimum color contrast ratio thresholds,Serious,1.4 Distinguishable,"508-2017-wcag21, 508-2017-wcag2, wcag2a, wcag2aa, wcag21a, wcag21aa",https://demo.innovaccer.com/helpcenter/,color-contrast,Open,Help Center,,Help Center
Not Fixed,2354656,Fixed,Elements must meet minimum color contrast ratio thresholds,Serious,1.4 Distinguishable,"508-2017-wcag21, 508-2017-wcag2, wcag2a, wcag2aa, wcag21a, wcag21aa",https://demo.innovaccer.com/helpcenter/,color-contrast,Open,Help Center,,Help Center
Not Fixed,2354657,Fixed,Elements must meet minimum color contrast ratio thresholds,Serious,1.4 Distinguishable,"508-2017-wcag21, 508-2017-wcag2, wcag2a, wcag2aa, wcag21a, wcag21aa",https://demo.innovaccer.com/helpcenter/,color-contrast,Open,Help Center,,Help Center
Not Fixed,2354658,Fixed,Elements must meet minimum color contrast ratio thresholds,Serious,1.4 Distinguishable,"508-2017-wcag21, 508-2017-wcag2, wcag2a, wcag2aa, wcag21a, wcag21aa",https://demo.innovaccer.com/helpcenter/,color-contrast,Open,Help Center,,Help Center
Not Fixed,2354659,Fixed,Elements must meet minimum color contrast ratio thresholds,Serious,1.4 Distinguishable,"508-2017-wcag21, 508-2017-wcag2, wcag2a, wcag2aa, wcag21a, wcag21aa",https://demo.innovaccer.com/helpcenter/,color-contrast,Open,Help Center,,Help Center
Not Fixed,2354660,Fixed,Elements must meet minimum color contrast ratio thresholds,Serious,1.4 Distinguishable,"508-2017-wcag21, 508-2017-wcag2, wcag2a, wcag2aa, wcag21a, wcag21aa",https://demo.innovaccer.com/helpcenter/,color-contrast,Open,Help Center,,Help Center
Not Fixed,2354661,Fixed,Elements must meet minimum color contrast ratio thresholds,Serious,1.4 Distinguishable,"508-2017-wcag21, 508-2017-wcag2, wcag2a, wcag2aa, wcag21a, wcag21aa",https://demo.innovaccer.com/helpcenter/,color-contrast,Open,Help Center,,Help Center
Not Fixed,2354662,Fixed,Elements must meet minimum color contrast ratio thresholds,Serious,1.4 Distinguishable,"508-2017-wcag21, 508-2017-wcag2, wcag2a, wcag2aa, wcag21a, wcag21aa",https://demo.innovaccer.com/helpcenter/,color-contrast,Open,Help Center,,Help Center
Not Fixed,2354663,Fixed,Elements must meet minimum color contrast ratio thresholds,Serious,1.4 Distinguishable,"508-2017-wcag21, 508-2017-wcag2, wcag2a, wcag2aa, wcag21a, wcag21aa",https://demo.innovaccer.com/helpcenter/,color-contrast,Open,Help Center,,Help Center
Not Fixed,2354664,Fixed,Elements must meet minimum color contrast ratio thresholds,Serious,1.4 Distinguishable,"508-2017-wcag21, 508-2017-wcag2, wcag2a, wcag2aa, wcag21a, wcag21aa",https://demo.innovaccer.com/helpcenter/,color-contrast,Open,Help Center,,Help Center
Not Fixed,2354665,Fixed,Elements must meet minimum color contrast ratio thresholds,Serious,1.4 Distinguishable,"508-2017-wcag21, 508-2017-wcag2, wcag2a, wcag2aa, wcag21a, wcag21aa",https://demo.innovaccer.com/helpcenter/,color-contrast,Open,Help Center,,Help Center
Not Fixed,2354666,Fixed,Elements must meet minimum color contrast ratio thresholds,Serious,1.4 Distinguishable,"508-2017-wcag21, 508-2017-wcag2, wcag2a, wcag2aa, wcag21a, wcag21aa",https://demo.innovaccer.com/helpcenter/,color-contrast,Open,Help Center,,Help Center
Not Fixed,2354667,Fixed,Elements must meet minimum color contrast ratio thresholds,Serious,1.4 Distinguishable,"508-2017-wcag21, 508-2017-wcag2, wcag2a, wcag2aa, wcag21a, wcag21aa",https://demo.innovaccer.com/helpcenter/,color-contrast,Open,Help Center,,Help Center
Not Fixed,2354668,Fixed,Elements must meet minimum color contrast ratio thresholds,Serious,1.4 Distinguishable,"508-2017-wcag21, 508-2017-wcag2, wcag2a, wcag2aa, wcag21a, wcag21aa",https://demo.innovaccer.com/helpcenter/,color-contrast,Open,Help Center,,Help Center
Not Fixed,2354671,Fixed,Frames must have an accessible name,Serious,4.1 Compatible,"508-2017-wcag21, 508-2017-wcag2, wcag2a, wcag2aa, wcag21a, wcag21aa",https://demo.innovaccer.com/helpcenter/,frame-title,Open,Help Center,,Help Center
Not Fixed,2354672,Fixed,<html> element must have a valid value for the lang attribute,Serious,3.1 Readable,"508-2017-wcag21, 508-2017-wcag2, wcag2a, wcag2aa, wcag21a, wcag21aa",https://demo.innovaccer.com/helpcenter/,html-lang-valid,Open,Help Center,,Help Center
Not Fixed,2354673,Fixed,Images must have alternative text,Critical,1.1 Text Alternatives,"508-2017-wcag21, 508-2017-wcag2, wcag2a, wcag2aa, wcag21a, wcag21aa",https://demo.innovaccer.com/helpcenter/,image-alt,Open,Help Center,,Help Center
Not Fixed,2354674,Fixed,Images must have alternative text,Critical,1.1 Text Alternatives,"508-2017-wcag21, 508-2017-wcag2, wcag2a, wcag2aa, wcag21a, wcag21aa",https://demo.innovaccer.com/helpcenter/,image-alt,Open,Help Center,,Help Center
Not Fixed,2354675,Fixed,Images must have alternative text,Critical,1.1 Text Alternatives,"508-2017-wcag21, 508-2017-wcag2, wcag2a, wcag2aa, wcag21a, wcag21aa",https://demo.innovaccer.com/helpcenter/,image-alt,Open,Help Center,,Help Center
Not Fixed,2354676,Fixed,Images must have alternative text,Critical,1.1 Text Alternatives,"508-2017-wcag21, 508-2017-wcag2, wcag2a, wcag2aa, wcag21a, wcag21aa",https://demo.innovaccer.com/helpcenter/,image-alt,Open,Help Center,,Help Center
Not Fixed,2354677,Fixed,Images must have alternative text,Critical,1.1 Text Alternatives,"508-2017-wcag21, 508-2017-wcag2, wcag2a, wcag2aa, wcag21a, wcag21aa",https://demo.innovaccer.com/helpcenter/,image-alt,Open,Help Center,,Help Center
Not Fixed,2354678,Fixed,Images must have alternative text,Critical,1.1 Text Alternatives,"508-2017-wcag21, 508-2017-wcag2, wcag2a, wcag2aa, wcag21a, wcag21aa",https://demo.innovaccer.com/helpcenter/,image-alt,Open,Help Center,,Help Center
Not Fixed,2354679,Fixed,Images must have alternative text,Critical,1.1 Text Alternatives,"508-2017-wcag21, 508-2017-wcag2, wcag2a, wcag2aa, wcag21a, wcag21aa",https://demo.innovaccer.com/helpcenter/,image-alt,Open,Help Center,,Help Center
Not Fixed,2354680,Fixed,Images must have alternative text,Critical,1.1 Text Alternatives,"508-2017-wcag21, 508-2017-wcag2, wcag2a, wcag2aa, wcag21a, wcag21aa",https://demo.innovaccer.com/helpcenter/,image-alt,Open,Help Center,,Help Center
Not Fixed,2354681,Fixed,Images must have alternative text,Critical,1.1 Text Alternatives,"508-2017-wcag21, 508-2017-wcag2, wcag2a, wcag2aa, wcag21a, wcag21aa",https://demo.innovaccer.com/helpcenter/,image-alt,Open,Help Center,,Help Center
Not Fixed,2354682,Fixed,Images must have alternative text,Critical,1.1 Text Alternatives,"508-2017-wcag21, 508-2017-wcag2, wcag2a, wcag2aa, wcag21a, wcag21aa",https://demo.innovaccer.com/helpcenter/,image-alt,Open,Help Center,,Help Center
Not Fixed,2354683,Fixed,Images must have alternative text,Critical,1.1 Text Alternatives,"508-2017-wcag21, 508-2017-wcag2, wcag2a, wcag2aa, wcag21a, wcag21aa",https://demo.innovaccer.com/helpcenter/,image-alt,Open,Help Center,,Help Center
Not Fixed,2354684,Fixed,Images must have alternative text,Critical,1.1 Text Alternatives,"508-2017-wcag21, 508-2017-wcag2, wcag2a, wcag2aa, wcag21a, wcag21aa",https://demo.innovaccer.com/helpcenter/,image-alt,Open,Help Center,,Help Center
Not Fixed,2354685,Fixed,Images must have alternative text,Critical,1.1 Text Alternatives,"508-2017-wcag21, 508-2017-wcag2, wcag2a, wcag2aa, wcag21a, wcag21aa",https://demo.innovaccer.com/helpcenter/,image-alt,Open,Help Center,,Help Center
Not Fixed,2354686,Fixed,Images must have alternative text,Critical,1.1 Text Alternatives,"508-2017-wcag21, 508-2017-wcag2, wcag2a, wcag2aa, wcag21a, wcag21aa",https://demo.innovaccer.com/helpcenter/,image-alt,Open,Help Center,,Help Center
Not Fixed,2354687,Fixed,Images must have alternative text,Critical,1.1 Text Alternatives,"508-2017-wcag21, 508-2017-wcag2, wcag2a, wcag2aa, wcag21a, wcag21aa",https://demo.innovaccer.com/helpcenter/,image-alt,Open,Help Center,,Help Center
Not Fixed,2354688,Fixed,Images must have alternative text,Critical,1.1 Text Alternatives,"508-2017-wcag21, 508-2017-wcag2, wcag2a, wcag2aa, wcag21a, wcag21aa",https://demo.innovaccer.com/helpcenter/,image-alt,Open,Help Center,,Help Center
Not Fixed,2354689,Fixed,Images must have alternative text,Critical,1.1 Text Alternatives,"508-2017-wcag21, 508-2017-wcag2, wcag2a, wcag2aa, wcag21a, wcag21aa",https://demo.innovaccer.com/helpcenter/,image-alt,Open,Help Center,,Help Center
Not Fixed,2354690,Fixed,Images must have alternative text,Critical,1.1 Text Alternatives,"508-2017-wcag21, 508-2017-wcag2, wcag2a, wcag2aa, wcag21a, wcag21aa",https://demo.innovaccer.com/helpcenter/,image-alt,Open,Help Center,,Help Center
Fixed,2355205,Fixed,Placeholder text lacks 4.5:1 contrast ratio,Serious,1.4 Distinguishable,"508-2017-wcag21, 508-2017-wcag2, wcag2a, wcag2aa, wcag21a, wcag21aa",https://demo.innovaccer.com/helpcenter/,contrast-text-4.5-1-placeholder,Open,Search Combobox,,Fixed
Not Fixed,2355206,Fixed,Text content lacks 4.5:1 contrast ratio,Serious,1.4 Distinguishable,"508-2017-wcag21, 508-2017-wcag2, wcag2a, wcag2aa, wcag21a, wcag21aa",https://demo.innovaccer.com/helpcenter/,contrast-text-4.5-1,Open,Search Combobox,3rd Party (Helpjuice),Not Fixed
Not Fixed,2355207,Fixed,Combobox: Combobox is missing appropriate roles and/or attributes,Critical,4.1 Compatible,"508-2017-wcag21, 508-2017-wcag2, wcag2a, wcag2aa, wcag21a, wcag21aa",https://demo.innovaccer.com/helpcenter/,custom-combobox,Open,Search Combobox,3rd Party (Helpjuice),Not Fixed
Not Fixed,2355208,Fixed,Status message not automatically announced,Serious,4.1 Compatible,"508-2017-wcag21, 508-2017-wcag2, wcag2a, wcag2aa, wcag21a, wcag21aa",https://demo.innovaccer.com/helpcenter/,status-msg-not-auto-announced,Open,Search Combobox,3rd Party (Helpjuice),Not Fixed
Not Fixed,2355209,Fixed,Status message not automatically announced,Serious,4.1 Compatible,"508-2017-wcag21, 508-2017-wcag2, wcag2a, wcag2aa, wcag21a, wcag21aa",https://demo.innovaccer.com/helpcenter/,status-msg-not-auto-announced,Open,Search Combobox,3rd Party (Helpjuice),Not Fixed
Not Fixed,2355210,Fixed,Text content lacks 4.5:1 contrast ratio,Serious,1.4 Distinguishable,"508-2017-wcag21, 508-2017-wcag2, wcag2a, wcag2aa, wcag21a, wcag21aa",https://demo.innovaccer.com/helpcenter/,contrast-text-4.5-1,Open,Search Combobox,3rd Party (Helpjuice),Not Fixed
Not Fixed,2355211,Fixed,Placeholder text lacks 4.5:1 contrast ratio,Serious,1.4 Distinguishable,"508-2017-wcag21, 508-2017-wcag2, wcag2a, wcag2aa, wcag21a, wcag21aa",https://demo.innovaccer.com/helpcenter/,contrast-text-4.5-1-placeholder,Open,Search Combobox,3rd Party (Helpjuice),Not Fixed
Not Fixed,2355212,Fixed,Active user interface component lacks 3 to 1 contrast ratio,Serious,1.4 Distinguishable,"508-2017-wcag21, 508-2017-wcag2, wcag2a, wcag2aa, wcag21a, wcag21aa",https://demo.innovaccer.com/helpcenter/,contrast-uic-active-3-1,Open,Search Combobox,3rd Party (Helpjuice),Not Fixed
Not Fixed,2355213,Fixed,Label is not persistent,Serious,3.3 Input Assistance,"508-2017-wcag21, 508-2017-wcag2, wcag2a, wcag2aa, wcag21a, wcag21aa",https://demo.innovaccer.com/helpcenter/,label-is-placeholder,Open,Search Combobox,3rd Party (Helpjuice),Not Fixed
Not Fixed,2355215,Fixed,Active user interface component lacks 3 to 1 contrast ratio,Serious,1.4 Distinguishable,"508-2017-wcag21, 508-2017-wcag2, wcag2a, wcag2aa, wcag21a, wcag21aa",https://demo.innovaccer.com/helpcenter/,contrast-uic-active-3-1,Open,Search Combobox,3rd Party (Helpjuice),Not Fixed
Not Fixed,2355220,Fixed,Identify input purpose missing,Serious,1.3 Adaptable,"508-2017-wcag21, 508-2017-wcag2, wcag2a, wcag2aa, wcag21a, wcag21aa",https://demo.innovaccer.com/helpcenter/,id-input-purpose-missing,Open,Search Combobox,3rd Party (Helpjuice),Not Fixed
Not Fixed,2355266,Fixed,Page TITLE element does not identify purpose of page,Moderate,2.4 Navigable,"508-2017-wcag21, 508-2017-wcag2, wcag2a, wcag2aa, wcag21a, wcag21aa",https://demo.innovaccer.com/admin/overview,title-not-meaningful,Open,Admin Overview,Fixed,Not Fixed
Fixed,2355537,Fixed,Action cannot be performed with a screen reader turned on,Critical,2.1 Keyboard Accessible,"508-2017-wcag21, 508-2017-wcag2, wcag2a, wcag2aa, wcag21a, wcag21aa",https://demo.innovaccer.com/admin/overview,keyboard-not-touch-accessible,Open,Admin Overview,,Fixed
Fixed,2355630,Fixed,Functionality requires a dragging movement with no alternative,Serious,2.5 Pointer Accessible,"wcag2a, wcag2aa, wcag21a, wcag21aa, wcag22a, wcag22aa",https://demo.innovaccer.com/admin/overview,dragging-no-alternative,Open,,,Fixed
All Out of scope and 3rd part issues to be marked as Open,2355100,Pending — 3rd Party (Helpjuice),Purpose of link is not clear in context,Serious,2.4 Navigable,"508-2017-wcag21, 508-2017-wcag2, wcag2a, wcag2aa, wcag21a, wcag21aa",https://innovaccer.helpjuice.com/en_US/innote-training-hub,link-purpose-unclear,Open,,,All Out of scope and 3rd part issues to be marked as Open
All Out of scope and 3rd part issues to be marked as Open,2355102,Pending — 3rd Party (Helpjuice),An icon lacks 3 to 1 contrast ratio,Serious,1.4 Distinguishable,"508-2017-wcag21, 508-2017-wcag2, wcag2a, wcag2aa, wcag21a, wcag21aa",https://innovaccer.helpjuice.com/en_US/innote-training-hub,contrast-graphical-objects-icon-3-1,Open,,,All Out of scope and 3rd part issues to be marked as Open
All Out of scope and 3rd part issues to be marked as Open,2355103,Pending — 3rd Party (Helpjuice),Text content lacks 4.5:1 contrast ratio,Serious,1.4 Distinguishable,"508-2017-wcag21, 508-2017-wcag2, wcag2a, wcag2aa, wcag21a, wcag21aa",https://innovaccer.helpjuice.com/en_US/innote-training-hub,contrast-text-4.5-1,Open,,,All Out of scope and 3rd part issues to be marked as Open
All Out of scope and 3rd part issues to be marked as Open,2355395,Pending — 3rd Party (Helpjuice),Value of the lang attribute is not valid,Serious,3.1 Readable,"508-2017-wcag21, 508-2017-wcag2, wcag2a, wcag2aa, wcag21a, wcag21aa",https://innovaccer.helpjuice.com/en_US/innote-training-hub,lang-invalid,Open,,,All Out of scope and 3rd part issues to be marked as Open
All Out of scope and 3rd part issues to be marked as Open,2355396,Pending — 3rd Party (Helpjuice),Breadcrumb: Breadcrumb region is missing appropriate roles and/or attributes,Moderate,4.1 Compatible,"508-2017-wcag21, 508-2017-wcag2, wcag2a, wcag2aa, wcag21a, wcag21aa",https://innovaccer.helpjuice.com/en_US/innote-training-hub,custom-breadcrumb,Open,,,All Out of scope and 3rd part issues to be marked as Open
All Out of scope and 3rd part issues to be marked as Open,2355397,Pending — 3rd Party (Helpjuice),State: Selected state of the element is missing or incorrect,Serious,4.1 Compatible,"508-2017-wcag21, 508-2017-wcag2, wcag2a, wcag2aa, wcag21a, wcag21aa",https://innovaccer.helpjuice.com/en_US/innote-training-hub,state-selected-missing-incorrect,Open,,,All Out of scope and 3rd part issues to be marked as Open
All Out of scope and 3rd part issues to be marked as Open,2355398,Pending — 3rd Party (Helpjuice),Tabs: Tab widget is missing appropriate roles and/or attributes,Moderate,4.1 Compatible,"508-2017-wcag21, 508-2017-wcag2, wcag2a, wcag2aa, wcag21a, wcag21aa",https://innovaccer.helpjuice.com/en_US/innote-training-hub,custom-tabs,Open,,,All Out of scope and 3rd part issues to be marked as Open
All Out of scope and 3rd part issues to be marked as Open,2355406,Pending — 3rd Party (Helpjuice),Text alternative for the informative image is missing,Critical,1.1 Text Alternatives,"508-2017-wcag21, 508-2017-wcag2, wcag2a, wcag2aa, wcag21a, wcag21aa",https://innovaccer.helpjuice.com/en_US/innote-training-hub,alt-text-missing,Open,,,All Out of scope and 3rd part issues to be marked as Open
All Out of scope and 3rd part issues to be marked as Open,2355407,Pending — 3rd Party (Helpjuice),Text content lacks 4.5:1 contrast ratio,Serious,1.4 Distinguishable,"508-2017-wcag21, 508-2017-wcag2, wcag2a, wcag2aa, wcag21a, wcag21aa",https://innovaccer.helpjuice.com/en_US/innote-training-hub,contrast-text-4.5-1,Open,,,All Out of scope and 3rd part issues to be marked as Open